Recency,Frequency,MonetaryValue,Length
31,1,6180000,1886
1,1,6369000,1856
19,1,10560000,1874
23,1,10670000,1878
88,1,1221000,1944
20,1,3640000,1875
70,1,1760000,1925
40,1,10010000,1895
23,1,1210000,1879
24,1,11055000,1879
30,1,6120000,1885
23,1,10890000,1878
22,1,6240000,1877
29,1,4030000,1884
37,1,450000,1892
18,1,10560000,1873
19,1,11605000,1874
27,1,11605000,1882
65,1,858000,1921
31,1,10780000,1886
81,1,1210000,1936
6,9,8233000,1915
19,1,11110000,1874
42,5,4468600,1941
65,1,935000,1920
32,1,4200000,1887
54,2,793500,1910
41,2,13640000,1903
22,1,11440000,1877
20,1,6120000,1875
18,1,4810000,1873
23,1,1210000,1878
60,1,836000,1916
29,1,6720000,1884
47,1,12600000,1902
20,1,1265000,1875
34,1,12969000,1889
69,1,814000,1924
34,9,8669600,1922
24,1,11550000,1879
31,1,11055000,1886
16,1,480000,1871
82,1,434850,1937
29,1,572000,1885
20,1,13750000,1875
30,1,6072000,1885
36,1,4030000,1891
18,1,3780000,1873
58,3,4128000,1928
80,1,968000,1936
88,1,11660000,1943
19,4,34450000,1934
23,1,11440000,1878
19,1,4030000,1874
81,1,12210000,1936
85,1,432000,1940
36,1,4030000,1891
24,1,1265000,1880
30,1,4680000,1885
18,1,4225000,1873
24,1,16170000,1879
59,1,598000,1914
22,1,870000,1878
9,4,66330000,1895
20,1,11220000,1875
72,2,1516000,1936
20,1,10615000,1875
29,1,6072000,1884
47,1,110429000,1902
19,1,11660000,1874
65,3,957000,1920
32,1,6240000,1887
65,1,487500,1920
24,1,10560000,1879
29,1,732000,1885
46,1,10010000,1901
25,1,3000000,1880
24,1,11220000,1879
20,1,5460000,1875
20,1,2560000,1875
79,1,759000,1934
18,1,4680000,1873
57,1,617500,1912
29,1,11000000,1884
62,1,754050,1917
27,1,10780000,1882
40,1,10340000,1895
25,1,1232000,1881
32,1,4277000,1887
75,1,715000,1930
37,1,11605000,1892
24,1,11055000,1879
24,1,10560000,1879
22,1,10560000,1877
26,1,1218800,1882
81,1,825000,1936
24,1,4030000,1879
62,2,946000,1918
18,1,13585000,1873
20,1,10175000,1875
23,1,1210000,1879
55,2,1991600,1913
18,1,6120000,1873
19,1,6120000,1874
39,1,1020000,1894
74,1,504000,1929
88,1,490000,1944
14,3,2872000,1877
30,1,572000,1885
81,1,1210000,1936
60,1,379500,1915
62,1,1210000,1917
42,1,513500,1897
19,1,5005000,1874
58,1,2858900,1913
77,1,770000,1933
45,1,10010000,1900
2,2,17765000,1935
20,1,4550000,1875
26,1,11055000,1881
19,1,4680000,1874
19,1,2200000,1874
76,1,880000,1931
22,1,1210000,1878
74,2,1195000,1935
6,1,696000,1861
73,2,1672000,1929
25,1,11440000,1880
86,1,1133000,1941
2,2,18150000,1879
83,1,853600,1938
23,1,3780000,1878
80,1,1210000,1935
70,1,1265000,1925
78,2,1224000,1934
29,1,11055000,1884
18,1,3640000,1873
18,1,6120000,1873
22,1,3640000,1877
33,1,11000000,1888
80,1,585000,1935
76,2,561352,1931
6,5,4435700,1912
30,1,6120000,1885
27,1,5880000,1882
25,1,6720000,1880
23,1,14399000,1878
31,1,6240000,1886
67,4,2002600,1932
18,1,6480000,1873
25,1,565500,1881
18,1,6720000,1873
20,1,12760000,1875
27,1,1232000,1882
60,1,715000,1915
80,1,744000,1935
46,1,4030000,1901
21,1,1210000,1877
80,3,877173,1935
67,1,753500,1922
25,1,2560000,1880
23,1,10010000,1878
46,1,10010000,1901
30,1,1210000,1886
40,1,1003200,1896
2,3,50050000,1934
32,1,11000000,1887
32,1,15720000,1887
38,1,6360000,1893
22,1,11099000,1877
37,1,6180000,1892
24,2,10307000,1879
23,1,11099000,1878
22,1,6120000,1877
37,1,3225000,1892
5,2,2128500,1938
36,1,732000,1891
33,1,4680000,1888
80,1,757900,1936
40,4,4034030,1925
48,1,47399000,1904
30,1,12969000,1885
38,1,11605000,1893
41,1,1003200,1896
20,1,3920000,1875
18,1,6120000,1873
16,1,1595000,1871
37,1,10010000,1892
35,1,1430000,1890
43,2,1795700,1899
78,5,3853520,1938
79,1,588744,1935
80,1,780000,1935
19,1,11099000,1874
80,1,585000,1935
27,1,6060000,1882
21,1,1210000,1877
24,1,2560000,1879
19,1,6120000,1874
23,1,10010000,1878
79,1,585000,1934
24,1,11099000,1879
30,1,6480000,1885
27,1,6240000,1882
27,1,6000000,1882
24,1,6072000,1879
19,1,6120000,1874
1,2,12738000,1863
22,1,10010000,1877
73,13,7050000,1939
27,1,3150000,1882
25,1,1232000,1880
60,1,2079000,1915
18,1,3640000,1873
19,1,11605000,1874
22,1,6240000,1877
28,1,660000,1883
77,8,7320000,1943
30,1,11000000,1885
18,1,6180000,1873
24,1,11000000,1879
29,1,4680000,1884
37,1,6120000,1892
72,6,2327100,1932
20,1,10560000,1875
76,1,1210000,1932
68,3,2530000,1923
30,1,10780000,1885
27,1,4810000,1882
68,1,2288000,1923
85,1,558800,1940
73,1,724339,1929
75,2,1819400,1934
88,1,490000,1943
12,1,7260000,1867
27,1,11000000,1882
23,1,4485000,1878
20,1,10560000,1875
86,2,847000,1941
20,1,3640000,1875
23,1,15510000,1878
1,4,4675500,1861
4,3,4273500,1932
27,1,1232000,1882
17,3,2326000,1900
25,1,10285000,1880
52,1,1199000,1907
18,1,6120000,1873
22,1,11055000,1877
26,1,4030000,1881
65,1,1705352,1920
77,1,492000,1933
24,1,565500,1880
50,1,1375000,1906
66,3,2161500,1931
11,2,1582150,1886
2,2,13024000,1886
25,1,2560000,1880
29,1,3000000,1884
78,1,315000,1934
4,1,988900,1859
77,1,780000,1932
18,1,7020000,1873
39,1,1210000,1894
23,1,4810000,1878
23,1,1210000,1879
20,1,10890000,1875
40,1,51150000,1895
2,2,18700000,1941
64,1,845000,1920
66,3,1270000,1921
43,1,11000000,1898
84,1,825000,1940
68,1,814000,1923
22,1,11440000,1877
48,1,10835000,1903
66,2,1663200,1924
88,2,986000,1943
61,6,1742000,1917
25,1,5820000,1880
33,2,1045000,1888
8,1,6369000,1863
61,1,2858900,1917
31,1,4680000,1886
18,1,11110000,1873
24,1,1210000,1879
24,1,726000,1880
25,1,11605000,1881
32,1,11110000,1887
80,1,555100,1936
41,1,11000000,1896
24,1,5520000,1879
46,1,10835000,1901
25,1,1210000,1881
19,1,6840000,1874
63,1,936000,1919
24,1,565500,1880
36,1,5520000,1891
25,1,2560000,1880
26,1,14399000,1881
62,1,1210000,1917
20,1,10560000,1875
27,1,5520000,1882
2,5,7133000,1920
25,1,6240000,1880
45,1,4290000,1900
30,1,1276000,1885
25,1,726000,1880
45,1,10010000,1900
22,2,22990000,1907
22,1,1232000,1877
20,1,1265000,1875
63,1,936000,1919
32,1,11000000,1887
9,1,34759978,1864
23,1,11055000,1878
22,1,3640000,1877
43,1,11099000,1898
24,1,2560000,1879
27,1,1226500,1883
41,2,8930000,1903
32,1,11000000,1887
66,2,1453320,1937
53,1,1320000,1909
57,1,1617000,1912
22,1,12210000,1877
18,1,3640000,1873
23,1,10780000,1878
25,1,720000,1880
30,1,3000000,1885
26,1,1210000,1881
16,3,3685000,1926
48,1,4030000,1903
23,1,4810000,1878
21,12,137352600,1922
20,1,6072000,1875
29,1,11000000,1884
32,1,4030000,1887
20,1,11099000,1875
24,1,4810000,1879
18,1,11110000,1873
28,1,13200000,1883
29,1,5640000,1884
32,1,10010000,1887
32,1,11055000,1887
37,1,11099000,1892
73,1,2640000,1929
30,2,11000000,1885
23,1,275550,1878
20,1,2560000,1875
24,1,10406000,1879
22,1,3640000,1877
27,1,1232000,1883
73,1,672100,1929
62,3,1432200,1938
77,1,600000,1933
15,2,2024000,1884
39,1,5520000,1894
29,3,2366700,1904
85,1,432000,1940
25,1,1221000,1880
18,1,4680000,1873
65,1,869000,1920
31,1,2560000,1886
29,1,10230000,1884
29,1,10780000,1884
17,2,1808000,1895
24,1,11000000,1879
59,1,1265000,1915
74,1,865150,1930
37,1,6120000,1892
69,2,2002000,1935
20,1,10560000,1875
78,2,2079000,1933
1,1,6369000,1856
29,1,11000000,1884
41,1,5520000,1896
27,1,4680000,1882
20,1,10560000,1875
19,1,4030000,1874
72,2,48620000,1941
30,1,3150000,1885
37,1,4030000,1892
22,2,22990000,1902
40,1,5520000,1895
19,1,10560000,1874
29,1,6240000,1884
69,2,1430000,1930
81,1,1210000,1936
20,1,4680000,1875
23,1,6240000,1878
36,1,3654000,1892
83,2,585000,1938
24,1,5700000,1879
61,4,2680000,1916
23,1,1221000,1879
18,1,4875000,1873
27,1,4680000,1882
41,1,5520000,1896
70,2,1754500,1933
19,1,6120000,1874
68,3,6410800,1923
33,1,4030000,1888
24,1,11099000,1879
28,6,4460500,1884
32,1,6180000,1887
22,1,11605000,1877
45,1,4030000,1900
22,2,22939400,1903
77,1,1375000,1933
56,1,6120000,1912
24,1,11110000,1879
20,1,6240000,1875
25,1,10010000,1880
20,1,11605000,1876
71,1,645600,1927
12,2,1324160,1867
1,2,1680000,1856
20,1,5820000,1875
37,1,31515000,1892
63,1,1309000,1919
66,1,814000,1921
54,1,182400,1909
43,1,1153900,1898
18,1,11099000,1873
41,1,5628000,1896
22,1,10120000,1877
22,1,1221000,1878
42,4,2412700,1936
36,1,10615000,1891
41,1,6120000,1896
19,1,3990000,1874
22,2,1569700,1939
84,1,1210000,1939
52,1,450000,1907
18,1,10010000,1873
32,1,11110000,1887
58,1,1320000,1914
23,1,3640000,1878
66,1,2255000,1921
67,3,664356,1922
23,1,6720000,1878
25,1,11055000,1880
53,1,803000,1908
25,1,1218800,1881
30,1,6180000,1885
41,1,10010000,1896
19,1,6840000,1874
20,1,11099000,1875
18,1,10010000,1873
84,1,1210000,1939
64,12,10276000,1936
31,1,5520000,1886
29,1,6120000,1884
29,1,6240000,1884
35,1,855547,1890
19,1,11099000,1874
26,1,6720000,1881
27,1,6240000,1882
20,1,10560000,1875
25,1,1265000,1880
19,1,11099000,1874
22,2,1680000,1899
62,1,16335000,1917
23,1,10560000,1878
23,1,6120000,1878
24,2,22939400,1902
27,1,2560000,1882
65,1,480000,1921
23,1,11110000,1878
24,1,720000,1880
64,2,2090000,1920
26,1,5880000,1881
86,1,16159000,1941
69,1,715000,1924
18,1,10120000,1873
38,1,11000000,1893
61,4,4739600,1921
43,4,2765700,1912
11,3,1368270,1882
23,1,4355000,1878
40,2,1500609,1932
73,1,757900,1929
20,1,10010000,1875
16,8,8317607,1930
19,1,3640000,1874
27,1,5880000,1882
26,1,10659000,1881
76,1,973500,1932
24,1,5640000,1879
36,1,4030000,1891
26,1,1210000,1882
22,1,12540000,1877
37,1,14795000,1892
6,1,441000,1861
11,1,7645000,1866
21,4,4718400,1915
24,2,11220000,1879
78,1,759000,1933
29,1,6072000,1884
8,4,9389000,1903
44,1,1199000,1899
3,5,5872900,1872
22,1,12969000,1877
28,1,2145000,1883
6,1,650000,1861
31,1,4030000,1886
68,3,2230000,1923
25,10,7968142,1934
19,1,10175000,1874
80,1,11110000,1935
25,1,6180000,1880
49,1,396000,1905
36,1,6360000,1891
20,1,11990000,1876
45,1,780000,1900
26,2,21990000,1887
27,1,1226500,1883
4,10,10058547,1938
26,1,1232000,1882
24,1,7440000,1879
46,1,10340000,1901
69,1,1254000,1924
41,1,4225000,1896
36,1,1210000,1891
62,5,5310500,1939
22,1,12760000,1877
45,1,10340000,1900
25,1,2560000,1880
20,1,11000000,1875
13,3,2404000,1907
26,1,10285000,1881
39,1,11605000,1894
20,1,11099000,1875
43,1,5940000,1899
20,1,10560000,1875
12,6,4149900,1936
47,1,6120000,1902
23,1,11099000,1878
24,2,22888800,1902
23,2,870000,1879
73,1,658000,1928
25,1,1210000,1880
18,1,10560000,1873
25,1,10560000,1880
68,6,3876000,1931
73,2,2035000,1937
26,3,2285000,1933
18,1,6240000,1873
20,1,6120000,1875
24,2,22990000,1903
66,1,770000,1922
27,1,1320000,1882
85,1,1133000,1941
51,2,1872000,1919
25,1,11605000,1880
51,1,1140000,1907
30,8,5750400,1940
38,1,4810000,1893
36,1,6108000,1891
36,1,10010000,1891
59,2,1250000,1915
68,1,853600,1924
24,2,22990000,1902
36,1,10835000,1891
43,1,596700,1898
37,1,3225000,1892
2,2,17765000,1934
23,1,2560000,1878
25,1,11605000,1880
31,1,5640000,1886
19,1,11099000,1874
24,1,11099000,1879
59,1,1560000,1914
83,1,1441000,1938
30,1,10230000,1885
28,1,11605000,1883
85,2,900900,1940
79,1,585000,1934
24,2,22990000,1902
64,4,2689150,1934
27,1,11440000,1882
51,8,8309000,1941
41,2,13915000,1903
31,1,10406000,1886
88,1,1232000,1943
76,1,1237500,1931
47,7,3660000,1903
17,4,2924000,1903
29,1,10659000,1884
26,1,3075000,1881
25,1,3000000,1880
23,1,6072000,1878
18,1,10560000,1873
79,1,4440000,1934
88,1,726000,1944
44,1,1199000,1899
59,3,2200000,1915
64,1,576000,1919
31,1,2560000,1886
25,1,4030000,1880
23,1,4615000,1878
45,1,6120000,1900
21,13,149182000,1922
23,1,726000,1879
74,1,62810000,1929
53,1,1826000,1908
31,1,6120000,1886
2,1,2365000,1857
20,1,11110000,1875
25,1,6120000,1880
38,1,5520000,1893
20,1,2560000,1875
29,1,10560000,1884
24,1,1221000,1880
19,1,11660000,1874
19,1,4680000,1874
77,1,770000,1932
23,1,10010000,1878
22,3,2378000,1915
41,1,10615000,1896
26,1,12969000,1881
26,1,10450000,1881
32,1,4030000,1887
25,1,11055000,1880
34,1,14795000,1889
74,1,540000,1929
26,1,1221000,1881
24,2,22888800,1900
24,1,2560000,1879
29,1,5820000,1884
18,1,12210000,1873
40,1,11550000,1895
21,7,80579400,1920
22,1,6120000,1877
81,1,555100,1936
50,1,1375000,1906
46,1,4030000,1901
24,1,732000,1880
77,19,5985000,1934
59,1,1320000,1914
18,1,6240000,1873
22,1,870000,1878
69,1,1210000,1924
18,1,10010000,1873
49,1,1034000,1905
22,1,1210000,1878
22,1,1408000,1878
44,1,840000,1899
19,1,10010000,1874
88,1,1210000,1944
26,5,3879300,1920
31,1,6120000,1886
70,1,1232000,1925
23,1,11770000,1878
19,1,6120000,1874
26,1,2560000,1881
20,1,4030000,1875
27,1,10615000,1882
31,1,3150000,1886
76,1,915200,1931
23,1,11000000,1878
27,2,2200000,1922
22,1,3780000,1877
83,1,990000,1938
23,1,11110000,1878
88,2,1232000,1943
29,1,10406000,1884
31,1,4680000,1886
21,6,69546400,1910
24,1,11099000,1879
88,1,726000,1943
23,1,5700000,1878
59,1,1320000,1915
39,1,1199000,1894
58,1,16885000,1913
27,1,1232000,1882
61,1,3135000,1916
18,1,12210000,1873
1,1,1551000,1856
76,1,759000,1931
58,1,1320000,1914
27,1,4030000,1882
27,1,5640000,1882
26,1,10615000,1881
85,1,1489400,1941
19,1,10560000,1874
11,3,3089000,1871
22,1,3640000,1877
37,1,12969000,1892
39,1,5868000,1894
2,2,34650000,1927
27,1,12969000,1882
18,1,4680000,1873
31,1,10560000,1886
18,1,4745000,1873
23,1,1221000,1878
41,1,10010000,1896
65,1,3410000,1920
24,1,11000000,1879
41,1,5868000,1896
56,10,7315000,1912
58,1,16885000,1913
70,1,873400,1925
23,1,10560000,1878
79,2,2431000,1935
28,3,1980000,1883
20,1,11099000,1875
81,1,1012000,1936
24,1,385000,1879
32,1,4465000,1887
45,1,10340000,1900
19,1,11099000,1874
68,1,727100,1923
65,3,2351900,1939
23,1,1210000,1879
19,1,11099000,1874
19,1,11660000,1874
29,1,10560000,1884
76,2,1650000,1931
18,1,12100000,1873
33,1,11099000,1888
25,1,14399000,1880
41,1,6360000,1896
18,1,6108000,1873
64,1,455000,1920
20,1,282000,1876
18,1,4875000,1873
73,1,1320000,1928
29,1,572000,1885
59,3,3256000,1914
23,1,11055000,1878
36,1,5520000,1891
81,1,753500,1936
18,1,12210000,1873
59,1,825000,1915
37,1,11000000,1892
60,2,4400000,1930
24,1,11033000,1879
38,1,10010000,1893
76,6,4620000,1931
18,1,6120000,1873
88,1,1232000,1943
26,1,1210000,1882
22,1,2560000,1877
71,1,645600,1927
17,3,2406000,1900
29,1,11000000,1884
54,3,1838470,1910
26,2,11220000,1881
62,1,836000,1917
33,1,11220000,1888
51,1,6360000,1906
20,1,10659000,1875
24,1,11440000,1879
12,1,3900000,1867
49,1,1034000,1905
56,1,863500,1911
27,1,5940000,1882
20,1,6120000,1875
18,1,12210000,1873
81,2,2024000,1939
31,1,2560000,1886
76,1,814000,1931
32,1,10659000,1887
20,1,6120000,1875
20,1,11055000,1875
43,1,643500,1898
23,1,2560000,1878
40,1,5868000,1895
27,1,11000000,1882
23,1,2560000,1878
65,2,1463000,1929
22,1,10560000,1877
18,1,4680000,1873
62,1,1210000,1917
22,1,1232000,1878
20,4,4290000,1915
59,1,814000,1915
24,2,22939400,1902
30,1,11220000,1885
27,2,10340000,1882
26,1,4030000,1881
19,1,1210000,1875
25,1,3075000,1880
28,1,660000,1883
40,5,4418500,1912
30,1,1210000,1886
23,1,10780000,1878
37,1,11605000,1892
69,1,715000,1924
30,1,572000,1885
66,1,715000,1922
27,1,2560000,1882
84,1,935000,1940
79,1,715000,1934
24,1,1210000,1879
36,1,10835000,1891
18,1,11660000,1873
60,3,2020000,1915
80,1,804000,1935
81,1,1154890,1936
27,6,8019350,1943
25,1,10835000,1880
26,1,6120000,1881
19,2,22939400,1874
24,1,10538000,1879
30,1,6240000,1885
18,1,3640000,1873
28,1,660000,1883
31,1,10659000,1886
83,2,1350800,1938
22,1,598000,1877
25,1,1210000,1881
19,1,11605000,1874
60,1,1320000,1915
39,1,10010000,1894
27,1,11330000,1882
24,1,4030000,1879
22,2,22939400,1902
5,1,1379400,1860
39,1,6108000,1894
23,1,3740000,1878
27,1,1226500,1883
33,1,6240000,1888
59,1,957000,1915
24,2,22990000,1900
58,1,1320000,1914
18,1,11660000,1873
59,2,41184000,1914
21,1,1210000,1877
18,1,10560000,1873
31,1,6240000,1886
38,1,720000,1894
20,1,2560000,1875
27,1,708000,1882
21,1,726000,1877
46,1,4030000,1901
23,1,10780000,1878
26,1,1232000,1882
32,1,5880000,1887
25,1,6720000,1880
29,1,572000,1885
20,1,3640000,1875
20,1,4277000,1875
30,1,1210000,1885
85,2,1320000,1940
46,1,10010000,1901
43,2,1630700,1905
18,1,6120000,1873
62,1,390000,1917
24,1,11000000,1879
22,1,1232000,1878
24,1,10560000,1879
76,1,1232000,1931
26,1,6240000,1881
19,1,10780000,1874
22,1,5520000,1877
21,1,14740000,1876
33,1,6708000,1888
22,1,11000000,1877
43,1,10010000,1898
23,1,3225000,1878
56,7,3437600,1930
22,1,3000000,1877
26,1,1221000,1882
82,1,935000,1937
45,1,5868000,1900
64,1,600000,1919
19,1,6240000,1874
19,1,4875000,1874
37,1,10835000,1892
21,6,69495800,1910
36,1,4030000,1891
46,1,10010000,1901
24,2,22939400,1900
62,2,1650000,1937
66,1,715000,1921
18,1,11110000,1873
82,1,1210000,1937
7,1,1320000,1863
80,1,973500,1935
25,1,744000,1880
27,1,11000000,1882
34,1,6180000,1889
74,1,480000,1929
76,1,715000,1931
18,1,5200000,1873
22,1,336000,1877
36,1,10010000,1891
79,1,1210000,1934
39,1,5520000,1894
6,1,3965000,1861
46,1,11099000,1901
30,1,2560000,1885
23,16,12086448,1921
60,1,390000,1915
37,1,11000000,1892
83,2,1366200,1939
26,1,2560000,1881
24,1,1221000,1880
32,1,11033000,1887
19,1,6120000,1874
69,2,2640000,1924
27,1,11220000,1882
54,6,2259000,1911
24,1,3225000,1879
23,1,3640000,1878
19,1,11110000,1874
79,1,1210000,1934
2,2,18700000,1941
39,1,732000,1894
51,1,1738000,1906
18,1,6120000,1873
56,1,990000,1912
70,1,880000,1926
19,1,11099000,1874
32,1,5880000,1887
25,1,2560000,1880
26,1,6240000,1881
30,1,10450000,1885
16,7,7846450,1923
75,1,803000,1930
21,1,1210000,1877
81,1,1210000,1936
9,1,5340000,1864
20,1,1265000,1876
22,1,11099000,1877
2,3,50985000,1941
29,1,6720000,1884
31,1,6120000,1886
29,1,6180000,1884
19,2,22990000,1874
65,1,390000,1920
19,1,6120000,1874
5,14,10018800,1941
31,1,6708000,1886
38,1,10010000,1893
78,1,275000,1933
24,1,3780000,1879
62,1,935000,1917
73,1,474000,1928
30,1,6240000,1885
88,1,720000,1944
23,1,10560000,1878
40,1,12969000,1895
52,1,596700,1907
21,1,1210000,1877
25,1,11220000,1880
29,1,11440000,1884
62,1,768900,1917
19,1,12210000,1874
30,1,10285000,1885
19,3,5110500,1886
19,1,10560000,1874
41,1,11099000,1896
3,40,19878100,1941
30,1,5640000,1885
19,1,4615000,1874
57,1,555000,1912
79,1,715000,1934
29,1,6720000,1884
63,1,1210000,1918
82,1,11110000,1937
18,1,10010000,1873
85,1,490000,1940
43,1,11000000,1898
15,2,2803900,1913
22,1,5700000,1877
82,1,1210000,1937
6,2,2225000,1908
19,1,10560000,1874
19,1,11770000,1874
20,1,5520000,1875
67,1,492000,1922
43,1,596700,1898
61,2,1226500,1921
25,1,10670000,1880
84,1,480000,1939
24,1,10538000,1879
17,4,3755500,1894
32,1,10560000,1887
43,3,2829700,1905
32,1,6240000,1887
45,1,6108000,1900
38,1,10615000,1893
60,1,1199000,1915
20,1,11000000,1875
17,4,7126600,1881
27,1,10560000,1882
23,1,11099000,1878
77,1,715000,1932
18,1,10175000,1873
88,1,1210000,1944
23,1,11660000,1878
18,5,22077000,1873
89,1,1265000,1944
54,4,2254000,1911
62,2,3245000,1930
20,1,4810000,1875
27,1,10538000,1882
81,1,748000,1936
30,1,6240000,1885
88,1,1232000,1944
82,1,768900,1937
83,2,1686000,1941
30,1,19855000,1885
19,1,13585000,1874
38,1,4225000,1893
52,2,1895000,1907
2,2,13310000,1878
23,1,1210000,1879
66,2,1811000,1929
29,1,11605000,1884
22,2,22554400,1903
27,1,27196000,1882
27,1,2560000,1882
4,1,1900800,1859
7,1,1320000,1863
25,1,596700,1880
29,1,4810000,1884
24,1,1265000,1880
26,1,10230000,1881
27,1,5520000,1882
83,1,312000,1938
23,1,5640000,1878
23,1,1210000,1878
33,1,11000000,1888
42,4,3621000,1939
24,1,10450000,1879
80,1,1155000,1935
65,1,869000,1920
85,1,726000,1940
36,1,1155000,1891
83,1,1012000,1939
26,2,11220000,1881
38,1,6360000,1893
18,1,11099000,1873
84,1,858000,1939
66,1,720500,1921
45,1,3640000,1900
62,3,1435192,1933
22,1,10560000,1877
11,6,6193547,1930
74,1,715000,1930
59,2,1751000,1937
37,1,11000000,1892
24,1,4030000,1879
18,1,6120000,1873
25,1,6060000,1880
23,1,11099000,1878
24,1,4277000,1879
84,1,1210000,1940
27,1,1210000,1882
20,1,10010000,1875
18,1,11099000,1873
7,3,4246000,1911
65,3,1464000,1933
30,1,6240000,1885
24,1,1221000,1880
19,1,11099000,1874
25,1,870000,1880
85,1,715000,1941
29,1,3150000,1884
85,1,490000,1940
29,1,5880000,1884
18,1,13750000,1873
81,1,2253900,1937
39,1,6120000,1894
24,1,804000,1879
88,1,1232000,1943
45,1,5520000,1900
65,2,2046000,1937
20,1,12210000,1875
33,1,6000000,1888
43,1,596700,1898
24,2,22939400,1900
22,1,10890000,1877
29,1,3150000,1884
19,1,6120000,1874
63,1,787710,1918
61,1,726000,1917
18,1,11660000,1873
24,1,6240000,1879
24,1,11330000,1879
9,1,247280,1864
25,1,1250000,1881
40,1,11099000,1895
12,1,3900000,1867
69,2,1581547,1936
81,1,836000,1936
19,1,720000,1875
19,1,10560000,1874
27,1,10780000,1882
89,1,682000,1945
30,1,4030000,1885
32,1,6708000,1887
29,1,4680000,1884
46,1,6120000,1901
40,2,1728000,1900
19,1,11495000,1874
37,1,4030000,1892
24,1,6120000,1879
82,1,748000,1937
33,1,696000,1888
78,1,803000,1933
24,1,11055000,1879
29,1,4810000,1884
22,1,5880000,1877
22,2,22939400,1903
19,1,5520000,1874
19,1,3640000,1874
32,1,6180000,1887
19,1,1210000,1875
26,1,1210000,1881
37,1,6120000,1893
29,1,2560000,1884
23,1,1232000,1879
63,1,1776500,1918
79,2,867350,1934
29,1,6000000,1884
32,1,6120000,1887
79,1,15400000,1934
22,1,10560000,1877
23,1,11055000,1878
82,2,1072500,1937
54,1,1309000,1909
20,1,4355000,1875
64,1,935000,1919
2,4,4091600,1876
45,4,3704680,1929
23,1,4030000,1878
24,1,3920000,1879
20,1,4810000,1875
31,1,748000,1886
57,1,1428900,1913
59,1,748000,1915
84,1,715000,1940
45,1,6120000,1900
19,1,11660000,1874
5,1,1098900,1860
30,1,1210000,1885
38,1,11099000,1893
19,1,10120000,1874
46,1,1320000,1901
22,3,2143800,1921
24,1,6120000,1879
22,1,6120000,1877
89,1,1210000,1945
82,1,624000,1937
36,1,10835000,1891
19,1,6120000,1874
39,1,5520000,1894
24,1,3710000,1879
55,3,1848000,1910
59,1,6120000,1915
20,1,12540000,1875
35,3,1345000,1890
49,1,1034000,1905
25,1,3150000,1880
18,1,4030000,1873
22,1,6120000,1877
73,1,1595000,1928
80,1,973500,1935
37,1,4225000,1892
20,1,11110000,1875
19,1,11770000,1874
81,5,3100000,1936
84,1,1265000,1939
46,1,10010000,1901
20,1,11099000,1875
65,1,15589500,1920
80,1,11110000,1935
29,1,572000,1885
24,1,11220000,1879
12,1,1320000,1868
20,1,11033000,1875
19,1,10560000,1874
85,2,1237000,1940
18,1,6120000,1873
80,1,11935000,1935
23,1,3640000,1878
27,1,660000,1882
40,1,4030000,1895
18,1,11110000,1873
85,2,713000,1941
21,1,1215500,1877
43,1,596700,1898
45,1,10340000,1900
88,1,1237500,1943
20,1,6120000,1875
18,1,11660000,1873
38,1,6120000,1893
24,2,22990000,1900
75,1,973500,1930
54,1,516000,1910
29,1,2560000,1884
23,1,11055000,1878
18,1,11099000,1873
73,2,924000,1929
33,1,11440000,1888
30,1,10230000,1885
26,3,1398300,1908
65,1,564000,1921
22,1,6120000,1877
79,1,315000,1934
27,1,11110000,1882
62,1,422500,1917
27,1,11099000,1882
30,1,10560000,1885
62,1,935000,1917
18,1,1265000,1874
67,1,913000,1922
23,1,11033000,1878
24,1,4615000,1879
40,1,6360000,1895
26,1,4680000,1881
43,1,596700,1898
43,2,1465700,1911
31,1,5520000,1886
44,1,1199000,1899
31,1,2880000,1886
24,2,22939400,1902
68,1,1344000,1923
26,1,1232000,1882
20,1,6720000,1875
38,1,11000000,1893
23,1,11110000,1878
68,1,450000,1923
44,1,1199000,1899
4,3,2898000,1866
24,1,3000000,1879
26,1,1210000,1881
85,1,853600,1940
22,1,3710000,1877
32,1,9900000,1887
62,1,1232055,1917
46,1,935000,1901
56,2,1372500,1920
28,1,13200000,1883
47,1,12210000,1902
9,1,9625000,1864
24,1,6120000,1879
25,2,10340000,1880
27,1,1232000,1882
59,1,1320000,1914
62,2,1117000,1917
19,1,3640000,1874
43,1,6108000,1898
31,1,10560000,1886
43,2,1795700,1899
31,1,10560000,1886
19,1,10560000,1874
22,1,598000,1877
24,1,6720000,1879
46,1,6120000,1901
46,1,11935000,1901
20,1,6180000,1875
34,1,1760000,1890
21,1,1210000,1877
23,1,10010000,1878
69,1,585000,1924
18,1,10010000,1873
7,1,1320000,1863
23,2,11220000,1878
82,1,1265000,1937
33,1,11110000,1888
71,1,900000,1926
23,1,11990000,1878
41,1,264000,1897
61,2,764560,1916
57,2,1486800,1921
1,6,12245500,1936
40,1,12969000,1895
64,1,1870000,1920
23,1,6720000,1878
23,1,11440000,1878
40,1,11000000,1895
25,1,720000,1881
19,1,6120000,1874
74,1,1210000,1929
79,1,15400000,1935
22,1,2560000,1877
33,1,10560000,1888
29,1,572000,1885
6,3,4152500,1861
80,1,715000,1935
19,1,4680000,1874
22,1,4810000,1877
29,1,11000000,1884
85,3,1295250,1940
24,1,15675000,1879
79,3,2159800,1940
60,3,1595000,1924
23,1,3225000,1878
48,1,865150,1903
24,1,12540000,1879
60,1,2079000,1915
28,1,660000,1883
25,2,1136700,1936
29,1,6240000,1884
59,1,780000,1914
18,1,6120000,1873
70,1,1210000,1925
18,1,12210000,1873
59,1,1320000,1914
33,1,6240000,1888
65,1,6702000,1921
67,1,1045000,1922
26,1,10230000,1881
20,1,2880000,1875
67,1,1210000,1922
59,1,715000,1915
18,1,11605000,1873
45,1,10010000,1900
31,1,11605000,1886
82,1,1208900,1937
18,1,11550000,1873
53,4,4065600,1943
18,1,11660000,1873
34,1,1056000,1889
81,1,1925000,1936
22,1,10230000,1877
24,2,22990000,1900
66,5,11380000,1938
45,1,10615000,1900
47,1,770000,1902
64,2,2856500,1920
25,1,5520000,1880
18,1,6108000,1873
6,2,1849000,1899
21,11,126242600,1922
50,1,1375000,1906
21,7,80313200,1920
46,1,10010000,1901
75,1,715000,1930
60,1,2860000,1915
73,6,1755000,1931
62,1,1223211,1917
30,1,5640000,1885
40,1,5520000,1895
71,1,538800,1926
1,6,23120050,1911
89,1,1232000,1944
28,3,5608900,1918
83,4,1067000,1938
32,1,2560000,1887
36,1,10340000,1891
31,1,13585000,1886
39,1,10010000,1894
29,1,5460000,1884
86,1,748000,1941
62,1,715000,1917
38,1,10010000,1893
18,1,10560000,1873
24,5,3441000,1943
27,1,6120000,1882
4,22,11789289,1888
20,1,12210000,1875
72,1,2200000,1927
33,1,696000,1888
24,1,4680000,1879
12,1,658000,1867
30,1,2560000,1885
43,1,10835000,1898
81,1,1320000,1936
36,1,6120000,1891
59,1,1320000,1914
66,1,990000,1922
23,1,5940000,1878
81,1,979000,1936
32,1,1232000,1888
29,1,10230000,1884
20,1,5736000,1875
80,1,390000,1936
61,2,837000,1916
36,1,5520000,1891
39,1,10835000,1894
6,1,34760000,1861
25,1,11220000,1880
19,1,11110000,1874
59,3,3630000,1936
88,1,465000,1943
80,1,917840,1935
15,8,8423800,1941
73,1,814000,1929
22,1,10010000,1877
18,1,6120000,1873
65,1,754050,1920
36,1,487500,1891
20,1,11605000,1875
64,1,1232000,1919
24,1,6060000,1879
25,1,720000,1881
69,1,2200000,1924
20,1,11165000,1876
24,1,6072000,1879
35,1,1705000,1890
59,4,2782000,1937
59,5,4493150,1924
24,1,10560000,1879
61,4,1651100,1938
25,1,11000000,1880
88,1,738000,1943
18,1,3920000,1873
22,1,1232000,1878
23,1,11220000,1878
19,1,10560000,1874
33,1,11330000,1888
73,3,2098200,1939
41,2,1672600,1900
18,1,12210000,1873
22,1,10560000,1877
24,1,1210000,1879
26,1,5880000,1881
28,2,2222000,1909
68,1,880000,1923
41,1,11220000,1896
23,1,10010000,1878
59,1,480000,1915
39,1,11000000,1894
69,1,744000,1924
20,1,15235000,1875
32,1,6240000,1887
39,1,3225000,1894
19,1,6120000,1874
85,2,728000,1941
84,1,540000,1939
37,1,4030000,1892
46,1,5520000,1901
40,1,4030000,1895
26,1,2420000,1881
26,1,1215500,1882
65,6,4786100,1940
18,1,4745000,1873
27,1,5200000,1882
29,1,10285000,1884
79,1,753500,1934
30,1,5520000,1885
18,1,6720000,1873
24,2,22939400,1902
24,1,10659000,1879
60,2,2913000,1919
40,1,6120000,1895
36,1,4030000,1891
6,5,3372700,1904
15,1,880000,1870
18,1,4680000,1873
67,1,16335000,1922
23,1,3075000,1878
36,1,10835000,1891
86,3,3828000,1941
18,1,6120000,1873
64,1,935000,1919
22,1,1210000,1878
25,1,565500,1881
68,1,849200,1923
47,2,165198000,1902
62,1,2264900,1917
27,1,5640000,1882
71,1,3960000,1926
85,1,432000,1940
37,2,1320000,1893
68,1,1650000,1924
18,1,6120000,1873
12,1,7535000,1867
18,1,10560000,1873
20,1,4420000,1875
38,1,10340000,1893
25,1,565500,1881
19,3,8664050,1897
73,1,759000,1929
20,1,11770000,1875
21,11,107942410,1934
61,1,2858900,1917
85,1,490000,1940
18,1,6108000,1873
22,1,11000000,1877
80,1,617500,1935
52,1,1199000,1907
24,1,6120000,1879
49,1,1034000,1905
18,1,4680000,1873
31,1,5200000,1886
37,1,11550000,1892
31,1,11330000,1886
73,1,825000,1929
28,1,15180000,1883
27,1,5948400,1882
25,1,5940000,1880
24,1,4160000,1879
2,1,1430000,1857
22,1,4680000,1877
18,1,6120000,1873
60,3,3317710,1916
43,1,6108000,1898
23,1,2880000,1878
44,1,6120000,1899
84,1,781000,1939
86,1,600000,1941
31,1,11110000,1886
62,1,1210000,1917
67,1,453600,1922
64,1,540000,1919
23,1,3640000,1878
88,2,1232000,1943
29,1,4680000,1884
83,1,748000,1938
75,1,770000,1930
52,1,1199000,1907
25,1,1408000,1880
20,1,11099000,1875
71,1,1265000,1926
20,1,6228000,1875
22,2,22888800,1903
23,1,11055000,1878
37,1,11099000,1892
54,1,474000,1910
29,1,11055000,1884
11,14,14221300,1908
70,1,990000,1925
24,1,1210000,1879
25,2,11176000,1880
26,1,11000000,1881
22,1,11099000,1877
18,1,4355000,1873
29,1,13200000,1884
25,1,3000000,1880
60,1,825000,1915
58,1,16885000,1913
78,1,869000,1933
20,1,2720000,1875
21,7,80363800,1920
21,6,69110800,1910
24,1,10890000,1879
20,1,4810000,1875
24,1,12760000,1879
24,1,565500,1880
82,1,715000,1938
27,1,2720000,1882
85,1,902000,1941
22,1,2560000,1877
26,1,1232000,1882
75,1,737000,1930
40,2,14025000,1902
82,2,529700,1938
25,1,1232000,1880
25,1,935000,1881
71,1,1265000,1926
30,1,2720000,1885
29,1,10560000,1884
23,1,10560000,1878
78,2,990000,1936
45,1,598000,1900
5,5,5706450,1934
18,1,6840000,1873
22,1,1265000,1877
59,1,1320000,1914
6,1,1100000,1861
26,10,16642900,1894
66,1,781000,1921
68,1,814000,1923
20,1,11605000,1875
43,1,596700,1898
23,1,2560000,1878
2,1,2365000,1857
8,1,1320000,1863
27,1,1226500,1883
62,2,3120447,1942
59,1,803000,1915
24,1,1210000,1879
80,1,770000,1936
43,1,10010000,1898
76,1,814000,1931
30,1,4680000,1885
83,1,757900,1938
59,1,880000,1915
42,1,513500,1897
66,1,715000,1921
78,2,1683400,1933
2,5,5351500,1928
61,1,510400,1917
22,1,11000000,1877
81,1,1210000,1936
27,1,10560000,1882
22,1,3640000,1877
41,1,10835000,1896
19,1,11770000,1874
39,2,179498000,1895
22,1,10560000,1877
80,1,1210000,1935
49,1,1034000,1905
22,2,22939400,1903
81,1,836000,1936
36,1,5628000,1891
76,4,2065000,1931
20,1,10230000,1875
26,3,1429500,1895
23,1,12969000,1878
24,2,22990000,1900
29,1,10010000,1884
72,2,594000,1928
23,1,3920000,1878
24,1,2560000,1879
64,1,1776500,1920
18,1,4290000,1873
24,2,22939400,1900
22,1,10890000,1877
46,1,6108000,1901
17,4,2924000,1903
18,1,10010000,1873
18,1,10725000,1873
29,1,6120000,1884
20,23,123452000,1930
27,1,1232000,1883
83,1,825000,1938
25,1,10406000,1880
24,1,11220000,1879
32,1,11440000,1887
31,1,2560000,1886
26,1,11220000,1881
37,1,6120000,1892
18,1,6180000,1873
30,1,1210000,1885
25,1,11220000,1880
25,1,10780000,1880
19,1,11495000,1874
1,2,12738000,1863
27,1,1226500,1883
19,1,6720000,1874
60,1,1033989,1915
30,1,10780000,1885
60,2,2225000,1922
46,1,11000000,1901
18,1,5520000,1873
24,6,3442350,1931
24,1,1221000,1880
29,1,732000,1885
27,1,1232000,1883
52,1,1199000,1907
57,6,2860700,1912
22,1,2560000,1877
2,1,2365000,1857
35,1,1232000,1890
29,1,4355000,1884
48,2,1358500,1903
23,1,10780000,1878
21,11,126293200,1922
18,1,10010000,1873
18,1,11660000,1873
34,1,982215,1890
35,1,840000,1890
23,1,1210000,1878
74,1,540000,1929
42,1,513500,1897
23,1,6720000,1878
45,1,4225000,1900
20,1,11550000,1875
41,1,24255000,1896
27,1,11000000,1882
88,1,726000,1944
73,1,672100,1929
18,1,10010000,1873
24,1,10780000,1879
18,1,4355000,1873
41,1,4030000,1896
24,1,15510000,1879
41,1,10340000,1896
32,1,10615000,1887
29,1,2880000,1884
24,1,5200000,1879
20,1,6072000,1875
21,6,68919400,1910
26,1,10065000,1881
16,1,1595000,1871
15,2,1988750,1932
30,1,5880000,1885
39,1,10010000,1894
18,1,4485000,1873
23,1,11000000,1878
18,1,11099000,1873
19,1,7020000,1874
31,1,5520000,1886
45,1,5520000,1900
20,1,3640000,1875
76,1,748000,1931
47,1,14410000,1902
20,1,6120000,1875
24,1,13805000,1879
20,1,5640000,1875
30,1,6180000,1885
29,1,572000,1885
31,1,5200000,1886
56,2,1313500,1928
60,2,1303500,1930
65,2,1250000,1921
33,1,10560000,1888
27,1,1226500,1882
18,1,11770000,1873
58,7,3055000,1914
22,1,11605000,1877
10,1,1067000,1865
83,1,13310000,1938
26,1,10285000,1881
24,1,6720000,1879
23,1,6240000,1878
7,1,874500,1863
9,3,2400000,1877
37,1,10010000,1892
22,1,5940000,1877
83,2,990000,1938
82,1,1320000,1937
76,2,230400000,1931
84,1,444000,1939
22,2,22990000,1907
45,1,4030000,1900
52,2,2051000,1916
75,1,1210000,1931
86,1,1485000,1942
22,2,1657500,1897
13,4,3248800,1922
14,3,2409400,1905
18,1,6120000,1873
26,1,10010000,1881
53,1,1006500,1908
20,4,1692000,1887
32,1,1210000,1887
85,2,715000,1941
25,1,4030000,1880
67,1,16335000,1922
24,2,22939400,1900
4,1,1457500,1859
85,1,781000,1940
41,1,660000,1897
77,1,456000,1932
56,2,2979900,1917
16,4,4304000,1941
22,2,22939400,1902
80,1,236500,1936
79,1,1344000,1934
52,1,1199000,1907
18,1,4550000,1873
23,1,1210000,1878
21,1,11605000,1876
45,1,4030000,1900
18,1,10560000,1873
28,4,2640000,1884
32,1,4277000,1887
27,1,1226500,1882
31,1,6240000,1886
24,1,15510000,1879
21,7,79978800,1920
80,1,900000,1935
32,1,6120000,1887
26,2,2973500,1895
26,1,3150000,1881
69,1,935000,1924
55,2,619500,1910
43,1,596700,1898
74,1,504000,1929
18,1,11110000,1874
60,1,1430000,1915
23,1,6120000,1878
40,6,5388280,1899
37,1,6360000,1892
29,1,2560000,1884
60,1,825000,1915
23,1,10230000,1878
19,1,11110000,1874
21,8,6211000,1935
29,1,6000000,1884
25,1,4680000,1880
2,2,12870000,1875
61,1,715000,1916
36,1,10010000,1891
52,1,69410000,1907
32,1,6000000,1887
26,1,487500,1881
27,1,2560000,1882
32,1,4680000,1887
24,2,22939400,1902
17,2,1196000,1900
65,1,1428000,1920
43,2,9738000,1903
48,1,10010000,1903
79,1,336000,1934
32,1,1265000,1887
14,1,1179200,1869
28,1,11000000,1883
29,1,11000000,1884
23,1,10890000,1878
23,1,2560000,1878
36,1,1210000,1891
41,1,11220000,1896
22,1,585000,1878
18,1,5700000,1873
17,3,2406000,1900
41,1,24255000,1896
27,1,11220000,1882
22,2,23155000,1902
40,1,10010000,1895
56,2,1140500,1941
63,1,1210000,1918
90,1,1210000,1946
40,1,6120000,1895
82,1,948000,1937
10,1,1430000,1865
1,10,10895000,1928
75,1,933324,1931
27,1,6480000,1882
71,1,1265000,1926
62,1,768900,1918
26,1,1210000,1881
23,1,2560000,1878
23,1,5520000,1878
20,1,3640000,1876
20,1,10010000,1875
24,2,22888800,1902
18,1,11110000,1874
27,1,1320000,1882
17,3,2406000,1900
18,1,10010000,1873
24,1,11110000,1879
29,1,6240000,1884
67,4,1737000,1922
38,1,10010000,1893
31,1,6180000,1886
40,1,1210000,1895
29,1,6000000,1884
68,2,924000,1923
49,1,1034000,1905
20,1,11110000,1875
60,1,6120000,1915
23,1,4030000,1878
60,1,1320000,1915
22,1,1210000,1878
41,1,286000,1897
82,1,600000,1937
19,1,6120000,1874
23,1,10659000,1878
20,1,4355000,1875
18,1,10120000,1873
29,1,11055000,1884
12,1,3960000,1867
89,1,1232000,1944
36,1,4030000,1891
26,1,518700,1881
36,1,6180000,1891
25,1,565500,1881
20,1,10230000,1875
30,1,11110000,1885
26,1,2560000,1881
18,1,4680000,1873
74,2,2035000,1930
76,1,902000,1931
82,1,11110000,1937
22,2,22605000,1902
85,1,869000,1940
79,1,315000,1934
29,1,4680000,1884
21,1,1210000,1876
21,7,6378547,1930
36,1,1221000,1891
24,1,720000,1880
19,1,6120000,1874
32,1,660000,1887
19,1,11495000,1874
84,1,715000,1939
15,6,2476400,1936
21,1,11165000,1877
32,1,6440000,1887
48,1,6108000,1903
38,1,12969000,1893
29,1,5520000,1884
29,1,11660000,1884
27,1,11220000,1882
30,1,6708000,1885
69,1,935000,1925
41,1,11000000,1896
54,2,1195000,1909
89,1,737000,1945
64,4,2713150,1934
67,2,1463000,1922
21,3,2376000,1908
21,1,19855000,1876
29,4,3350750,1933
22,1,3640000,1877
24,1,5820000,1879
20,1,3640000,1875
40,1,13310000,1895
26,1,11000000,1881
18,1,6240000,1873
20,1,10780000,1875
22,1,1221000,1878
19,1,11605000,1874
68,1,1155000,1923
86,1,748000,1941
33,1,10890000,1888
29,1,1012000,1884
39,1,10835000,1894
60,1,216000000,1915
80,2,2002000,1936
20,1,10890000,1875
51,5,3025000,1906
23,1,10175000,1878
8,3,8419000,1873
30,1,11110000,1885
7,3,4246000,1911
18,1,4030000,1873
24,1,11099000,1879
29,1,3150000,1884
25,1,423600,1880
23,1,2560000,1878
70,1,1500000,1925
5,4,4828000,1922
45,2,3564000,1907
27,1,11605000,1882
18,1,11660000,1873
56,2,1363500,1934
2,3,28985000,1896
45,1,6120000,1900
77,5,1891483,1936
62,1,390000,1918
37,1,5520000,1892
80,1,825000,1936
22,3,2653500,1935
7,1,1320000,1863
22,1,11099000,1877
52,1,1375000,1907
48,1,671000,1903
22,2,22990000,1903
34,1,1199000,1889
19,1,4270000,1874
45,1,4290000,1900
19,1,11099000,1874
20,1,11055000,1875
23,1,5640000,1878
23,1,4160000,1878
83,1,979000,1938
20,1,10780000,1875
18,1,6120000,1873
54,1,6120000,1910
82,1,973500,1937
32,1,6150000,1887
66,3,2510750,1931
25,1,5760000,1880
18,1,6720000,1873
23,1,4225000,1878
25,1,15510000,1880
29,1,11099000,1884
49,1,1034000,1905
78,1,480000,1934
61,1,474000,1916
39,1,10340000,1894
46,1,13310000,1901
20,1,11099000,1875
19,1,4355000,1874
27,1,11605000,1882
75,1,5564000,1931
27,1,4355000,1882
44,2,2233000,1905
24,2,22888800,1900
20,1,3640000,1875
40,1,5520000,1895
27,1,1320000,1882
28,10,6600000,1883
38,1,838200,1893
20,1,5640000,1875
8,4,8169000,1941
36,1,12969000,1891
62,1,1210000,1917
40,1,6180000,1895
39,1,4225000,1894
39,1,3640000,1894
22,1,1210000,1878
74,1,1980000,1929
61,2,4068900,1935
24,1,12760000,1879
18,1,10010000,1873
38,1,6360000,1893
63,1,450000,1918
17,3,2326000,1900
81,1,540000,1936
68,1,715000,1924
29,1,11000000,1884
23,1,4030000,1878
51,4,4895000,1913
18,1,12210000,1873
22,2,22939400,1903
26,1,1210000,1882
82,1,880000,1937
46,1,4225000,1901
24,1,732000,1880
61,1,1210000,1916
42,1,1100000,1897
22,1,1210000,1878
36,1,6108000,1891
22,1,6240000,1877
85,1,638000,1941
31,1,10010000,1886
23,1,4680000,1878
55,1,1100000,1910
22,1,12760000,1877
32,1,11000000,1887
19,1,10560000,1874
29,1,10670000,1884
55,1,22550000,1911
22,1,11110000,1877
27,1,11055000,1882
60,3,1650000,1915
20,1,6240000,1875
80,1,1320000,1936
46,1,6120000,1902
24,1,10010000,1879
20,1,6120000,1875
40,1,10010000,1895
26,1,2560000,1881
56,4,3037500,1938
31,1,6120000,1886
23,1,1210000,1878
40,1,6180000,1895
37,1,5520000,1892
39,1,4810000,1894
41,1,1012000,1896
20,1,11990000,1875
49,2,1383000,1937
33,1,11000000,1888
26,1,1232000,1882
32,2,6900000,1887
87,1,715000,1942
2,2,2220000,1871
18,1,6240000,1873
25,1,4680000,1880
37,1,450000,1892
62,1,715000,1917
23,1,3000000,1878
6,3,2749000,1912
47,2,1669000,1937
86,1,902000,1941
41,1,10835000,1896
16,1,1595000,1871
20,1,10560000,1875
26,1,11330000,1881
5,1,6369000,1860
32,1,5880000,1887
18,1,11605000,1873
46,1,6120000,1902
18,1,12210000,1874
19,1,6180000,1874
76,1,968000,1931
29,1,11055000,1884
23,1,10285000,1878
53,2,2098000,1915
59,1,810700,1915
20,1,6240000,1875
32,1,7810000,1888
20,1,6120000,1875
32,1,163053000,1887
18,1,4270000,1873
30,1,6060000,1885
21,2,22939400,1876
62,4,5396050,1927
62,1,803000,1918
19,1,6240000,1874
17,1,1760000,1872
62,1,759000,1917
26,1,10010000,1881
26,2,10780000,1881
26,1,10780000,1881
12,2,1992100,1937
52,1,968000,1907
24,1,5760000,1879
68,2,2816000,1923
65,1,1680800,1920
63,1,1529000,1918
26,1,6240000,1881
19,1,6120000,1874
88,1,1210000,1943
44,1,1199000,1899
60,1,957000,1916
38,1,15675000,1893
26,1,1221000,1882
37,1,11550000,1892
40,3,2070030,1920
74,1,16663920,1929
51,2,1872000,1919
26,1,1221000,1882
30,1,572000,1885
30,1,12969000,1885
41,1,10879000,1896
22,1,11000000,1877
54,4,2310000,1909
77,1,803000,1932
78,1,715000,1934
55,1,7208300,1910
83,1,1199000,1938
23,1,10560000,1878
68,1,770000,1923
68,1,718025,1923
59,12,6519180,1936
27,1,1226500,1882
43,2,1795700,1899
81,1,1100000,1936
19,1,7920000,1874
52,2,1375400,1929
18,1,12210000,1873
29,1,572000,1885
79,1,15400000,1934
19,1,11495000,1874
24,1,11000000,1879
41,1,24255000,1896
29,1,14740000,1884
21,1,11165000,1877
33,1,6000000,1888
85,1,1175900,1940
23,1,4680000,1878
85,1,448000,1940
37,1,19635000,1892
24,1,10010000,1879
62,2,3130050,1921
79,1,990000,1934
27,1,13585000,1882
24,1,11110000,1879
22,2,22888800,1903
68,1,759000,1923
80,1,715000,1935
69,1,1210000,1924
25,1,6120000,1880
21,1,13200000,1876
22,1,6120000,1877
67,1,757900,1923
26,1,11055000,1881
43,2,1465700,1911
26,1,220000,1882
25,5,3489644,1918
89,1,1210000,1944
22,1,6120000,1877
89,2,980000,1944
36,3,1752100,1940
69,1,750640,1924
85,1,1164900,1941
18,1,11099000,1873
88,1,1232000,1944
65,1,770000,1920
30,1,6120000,1885
30,1,11440000,1885
19,1,10560000,1874
71,2,2279200,1931
62,19,14863420,1930
17,2,1808000,1912
59,1,16335000,1914
89,1,1210000,1944
12,1,4020000,1867
31,1,11055000,1886
20,1,3645000,1875
62,4,2040000,1917
4,31,14248443,1888
70,2,1475100,1930
29,1,4030000,1884
19,1,6120000,1874
17,2,1196000,1900
26,2,1159600,1935
59,1,624000,1914
39,1,15785000,1894
88,1,585000,1943
57,9,9495850,1935
19,1,10560000,1874
51,2,2458500,1907
58,1,1320000,1914
20,1,10560000,1875
26,1,11330000,1881
73,1,900000,1928
16,1,2145000,1871
80,1,1210000,1935
29,1,6180000,1884
20,1,4485000,1875
25,1,1320000,1880
21,1,1210000,1877
34,1,11550000,1889
29,1,10945000,1884
83,2,1686000,1941
24,1,726000,1879
23,1,3640000,1878
40,1,11099000,1895
29,1,11000000,1884
40,1,1032130,1895
32,1,6120000,1887
85,1,362600,1940
38,1,4030000,1893
18,1,6180000,1873
48,2,11550000,1903
45,7,4888500,1937
67,1,1210000,1922
23,1,1210000,1878
19,1,6120000,1874
84,1,825000,1939
46,1,785400,1901
43,1,6120000,1898
23,1,6240000,1878
80,2,1991000,1935
32,1,5880000,1887
25,1,10538000,1880
26,1,507000,1881
20,1,11330000,1875
21,1,13200000,1876
25,1,4810000,1880
68,1,1344000,1923
22,1,6120000,1877
32,1,129882500,1887
43,1,596700,1898
33,1,6480000,1888
66,2,1749000,1922
23,5,4573500,1911
24,1,1221000,1880
25,1,1100000,1880
26,3,4245900,1923
32,1,1210000,1888
67,1,825000,1922
43,2,9200000,1903
43,1,11220000,1898
29,1,4030000,1884
28,1,585000,1883
20,1,1265000,1875
59,1,825000,1915
18,1,10395000,1873
18,1,6480000,1873
66,1,1265000,1922
43,2,13420000,1903
81,2,593340,1936
73,1,990000,1928
24,1,5970000,1879
20,1,10010000,1875
14,2,1812700,1905
27,1,2560000,1882
18,1,6240000,1873
27,1,1226500,1882
24,1,1210000,1880
25,1,1320000,1880
4,36,21041610,1941
78,1,803000,1933
41,1,6180000,1896
18,1,11770000,1873
38,1,4030000,1893
20,1,6120000,1875
48,14,5439200,1912
27,1,11000000,1882
60,2,883520,1915
67,1,1210000,1922
81,1,1210000,1936
78,2,1510000,1933
7,2,2926000,1911
32,1,12045000,1887
82,1,624000,1937
18,1,6120000,1873
61,1,310000,1916
25,2,10230000,1880
25,1,2720000,1880
70,1,1223211,1925
27,1,6000000,1882
18,1,4680000,1873
71,1,1265000,1926
71,1,1617000,1926
40,4,3127600,1936
82,1,979000,1937
24,1,4680000,1879
39,2,82870500,1924
89,1,1210000,1944
22,2,22888800,1907
25,1,11550000,1880
36,1,10615000,1891
86,1,1980000,1941
21,1,455000,1876
18,1,4270000,1873
62,1,2264900,1917
30,1,10780000,1885
25,1,6240000,1880
54,1,455000,1910
59,1,1210000,1915
79,2,2815320,1941
72,2,929280,1927
44,1,1199000,1899
18,1,4680000,1873
79,1,792000,1935
20,1,11055000,1875
26,1,5200000,1881
59,5,2431000,1925
22,1,1221000,1877
45,1,5520000,1900
36,1,10010000,1891
25,3,1918700,1919
68,1,803000,1923
66,1,2288000,1921
62,1,935000,1917
29,1,6240000,1884
29,1,4355000,1884
71,1,1265000,1926
18,1,6120000,1873
45,1,11099000,1900
23,1,10538000,1878
78,1,855547,1934
69,3,2515000,1938
23,1,10296000,1878
19,1,4680000,1874
27,1,6240000,1882
22,1,10010000,1877
25,1,617500,1880
23,1,11000000,1878
18,1,12210000,1873
27,1,11099000,1882
23,1,6120000,1878
19,1,6720000,1874
63,2,961400,1918
40,1,3225000,1895
34,1,11000000,1889
20,1,10560000,1875
22,1,10560000,1877
4,1,1188000,1859
29,1,6060000,1884
23,1,1210000,1878
19,1,4550000,1874
30,1,11110000,1885
80,1,973500,1935
69,1,1018800,1924
79,1,933900,1934
31,1,11440000,1886
27,1,6180000,1882
38,1,10010000,1893
30,1,11220000,1885
21,11,126920200,1933
69,1,1210000,1924
26,1,1218800,1881
37,1,6120000,1892
19,1,11605000,1874
17,3,1794000,1903
20,1,6120000,1875
6,3,2418400,1899
65,2,1001000,1921
19,1,11660000,1874
25,1,11000000,1880
20,1,10670000,1875
68,1,1344000,1923
27,2,1066000,1892
19,2,22939400,1874
61,2,5553900,1917
2,1,1969000,1858
51,1,936000,1907
57,2,5699000,1912
83,3,1426200,1939
18,1,4810000,1873
24,1,10538000,1879
52,2,873000,1907
90,1,456000,1945
19,1,10010000,1874
73,1,1033989,1929
19,1,6120000,1874
15,2,2233000,1928
52,1,3144000,1907
88,1,6706000,1943
80,1,1210000,1935
31,1,10406000,1886
36,1,10010000,1891
26,3,3001900,1908
83,1,1210000,1939
30,1,6120000,1885
59,6,2200000,1915
33,14,6787400,1888
55,1,855547,1910
51,2,63600000,1917
39,1,4290000,1894
64,1,540000,1919
26,1,4680000,1881
27,1,10010000,1882
25,1,6120000,1880
29,1,6480000,1884
66,1,1526426,1921
18,1,5200000,1873
2,2,18700000,1941
32,1,2970000,1887
23,1,4810000,1878
85,1,1760000,1940
18,1,10780000,1873
85,1,638000,1941
84,1,715000,1940
22,1,11099000,1877
21,11,126343800,1922
27,2,11220000,1882
23,1,1232000,1878
22,1,1265000,1877
82,2,935000,1937
33,1,5200000,1888
67,1,935000,1923
26,1,1221000,1882
23,2,2750000,1901
62,1,1210000,1917
36,1,11000000,1891
20,1,4615000,1875
18,1,12210000,1873
88,1,1232000,1943
22,1,2560000,1877
54,1,528000,1910
65,2,1925000,1940
25,1,11000000,1880
20,1,5520000,1875
75,1,724779,1931
75,1,803000,1930
58,4,3492500,1938
21,1,1210000,1877
18,1,4680000,1873
27,1,4277000,1882
25,1,11055000,1880
70,3,2701600,1938
43,1,4225000,1898
69,2,1222000,1939
87,3,1053800,1943
55,2,782000,1911
29,1,5880000,1884
37,1,720000,1893
77,1,1540000,1932
61,2,858000,1916
27,1,5460000,1882
23,1,5640000,1878
19,1,10120000,1874
20,1,11099000,1875
20,1,5760000,1875
80,1,990000,1935
73,1,754050,1928
71,1,1265000,1926
39,1,10835000,1894
61,1,715000,1916
22,1,6120000,1877
73,1,611000,1928
22,1,1210000,1877
62,1,1776500,1918
31,1,11220000,1886
22,2,22990000,1907
60,1,808500,1916
34,1,6480000,1889
82,1,715000,1937
21,11,125908200,1910
31,1,12969000,1886
15,4,1089000,1879
60,1,1956900,1915
2,2,8845000,1886
22,1,2560000,1877
24,1,2560000,1879
71,1,1265000,1926
66,1,935000,1921
7,2,2858324,1917
25,1,4030000,1880
27,1,2560000,1882
71,1,1265000,1926
64,11,8165000,1936
39,1,10010000,1894
20,1,5700000,1875
23,1,10780000,1878
43,3,2974000,1933
30,1,6240000,1885
45,1,4030000,1900
25,1,1221000,1881
65,1,880000,1920
45,1,11000000,1900
19,1,11099000,1874
68,1,343000,1923
22,1,12760000,1877
43,3,14080000,1903
6,4,2681500,1932
27,1,1215500,1882
66,1,840400,1922
63,2,858000,1918
37,1,10010000,1892
30,1,1210000,1885
41,2,3509000,1926
26,1,4030000,1881
18,1,5005000,1873
43,1,10010000,1898
79,1,759000,1934
17,1,314000,1872
72,2,48620000,1941
7,1,1320000,1863
80,1,803000,1936
44,2,2508000,1920
38,1,5520000,1893
23,1,1155000,1879
19,1,4485000,1874
15,1,1210000,1871
18,1,6120000,1873
39,1,13585000,1894
64,1,1039500,1919
76,1,1232000,1931
18,1,12210000,1873
25,1,1265000,1880
17,3,2333000,1936
17,3,2406000,1900
31,1,11605000,1886
19,1,10560000,1874
41,5,5689750,1935
22,1,10010000,1877
27,1,11055000,1882
4,32,55688030,1941
89,1,1210000,1944
68,1,786500,1923
2,10,6338200,1941
83,1,770000,1939
29,1,5940000,1884
21,6,68919400,1910
20,1,5520000,1875
24,1,6120000,1879
41,1,3300000,1896
73,2,770000,1928
22,1,11000000,1877
39,1,6180000,1894
32,2,11110000,1887
73,1,775500,1928
31,1,3150000,1886
31,1,11110000,1886
1,2,12738000,1863
64,1,600000,1919
29,1,10538000,1884
25,1,720000,1880
78,3,4785000,1937
33,1,5520000,1888
27,1,10010000,1882
6,8,6023500,1927
83,1,803000,1939
37,1,4030000,1892
24,2,22939400,1900
24,1,6060000,1879
65,3,1221600,1929
40,1,4810000,1895
77,3,996369,1933
49,1,1034000,1905
43,1,4030000,1898
79,1,319675,1934
31,1,10010000,1886
73,1,873400,1929
30,1,6240000,1885
43,1,6360000,1898
4,17,14077239,1927
58,1,1320000,1914
25,1,10010000,1880
18,1,3640000,1873
45,1,4030000,1900
39,1,10010000,1894
81,1,1210000,1936
33,1,5880000,1888
23,1,6240000,1878
22,1,10659000,1877
27,1,11550000,1882
32,1,1716000,1888
61,4,1045000,1916
17,3,2406000,1900
20,1,6120000,1875
56,1,6120000,1912
67,1,440000,1923
35,1,1320000,1890
59,1,370500,1915
59,1,352800,1915
24,1,4030000,1879
20,1,11055000,1875
33,9,8369900,1941
48,1,10010000,1903
25,1,6240000,1880
7,3,4246000,1911
20,1,11770000,1875
30,1,10659000,1885
45,1,6120000,1900
65,1,748000,1920
76,2,1628000,1933
18,1,1265000,1874
53,1,1265000,1908
19,1,4550000,1874
27,1,10230000,1882
18,1,4680000,1873
41,1,24255000,1896
52,2,2860000,1911
64,1,600000,1919
33,1,4680000,1888
21,1,1215500,1877
63,1,935000,1918
83,1,990000,1938
76,1,1045000,1931
40,1,4225000,1895
22,1,10560000,1877
23,1,1221000,1878
20,1,11055000,1875
21,7,80579400,1920
85,2,714000,1940
67,1,2288000,1922
16,1,1595000,1871
24,1,4277000,1879
47,1,12210000,1902
23,1,11099000,1878
19,1,11605000,1874
30,1,11099000,1885
19,1,4030000,1874
80,1,770000,1936
71,1,865150,1926
55,2,769500,1911
27,1,2560000,1882
23,1,1265000,1879
18,1,6240000,1873
85,1,16335000,1941
30,1,4030000,1885
1,1,32800000,1856
74,2,968000,1929
39,1,10879000,1894
60,1,1440000,1915
15,1,1100000,1871
20,1,4290000,1875
88,2,1232000,1943
66,1,943800,1921
18,1,6120000,1873
39,1,11099000,1894
23,1,6120000,1878
2,3,3685000,1860
22,1,1210000,1878
18,1,4030000,1873
2,3,50985000,1941
59,2,3056900,1920
40,1,11099000,1895
31,1,10560000,1886
49,1,1034000,1905
66,1,2255000,1921
24,2,22990000,1902
18,1,6120000,1873
10,11,10294200,1913
23,1,2560000,1878
23,1,6120000,1878
27,1,10285000,1882
18,1,10560000,1873
20,1,10560000,1875
29,1,11110000,1884
26,2,1480500,1937
89,1,1232000,1944
41,2,1760000,1914
31,1,11000000,1886
19,1,11099000,1874
51,1,936000,1907
88,1,738000,1943
39,1,11000000,1894
36,1,10835000,1891
25,1,11000000,1880
20,1,11000000,1875
67,1,935000,1922
35,1,1815000,1890
69,3,1038620,1924
46,1,6108000,1901
32,1,4810000,1887
18,1,6840000,1873
45,2,10780000,1900
20,1,6120000,1875
23,1,5200000,1878
18,1,4355000,1873
18,1,3640000,1873
27,2,10175000,1882
82,1,11110000,1937
25,1,720000,1881
31,1,10780000,1886
18,1,11099000,1873
23,1,11099000,1878
22,1,1210000,1878
25,1,10175000,1880
37,1,13695000,1892
8,2,6705000,1883
25,1,6000000,1880
18,1,5520000,1873
79,1,715000,1934
76,16,12405547,1933
38,1,6108000,1893
29,1,2560000,1884
29,1,11440000,1884
20,1,4680000,1875
36,1,2255000,1891
51,4,2365000,1906
27,1,2720000,1882
15,4,4950000,1926
18,1,11099000,1873
26,1,6480000,1881
26,1,2560000,1881
30,1,572000,1885
82,1,600000,1937
22,1,11770000,1877
26,1,10010000,1881
81,1,727100,1936
29,1,10538000,1884
46,1,10010000,1901
49,1,6120000,1905
22,1,6120000,1877
18,1,11605000,1873
25,1,732000,1881
16,4,3648000,1908
80,1,744000,1935
9,1,432000,1864
48,2,10670000,1903
31,1,6240000,1886
68,1,715000,1923
63,1,770000,1919
27,1,1232000,1883
38,1,5868000,1893
19,1,3640000,1874
24,1,11000000,1879
15,2,2385900,1872
20,1,6060000,1875
24,2,10747000,1879
81,1,1617000,1936
77,2,1988900,1937
18,1,11099000,1873
7,1,1320000,1863
84,1,440000,1939
18,1,10560000,1873
23,1,10010000,1878
1,7,7496500,1933
36,1,4225000,1891
19,1,10395000,1874
70,1,2178000,1925
19,1,6120000,1874
88,1,1232000,1944
17,4,2414000,1908
52,1,1199000,1907
59,2,1378000,1916
29,1,10780000,1884
39,1,11605000,1894
27,1,1320000,1882
45,2,1116000,1903
67,1,990000,1922
22,1,1232000,1878
62,1,1210000,1917
25,2,1257500,1899
45,2,1319800,1935
75,2,867900,1930
69,1,1980000,1924
22,2,22990000,1903
79,1,739200,1934
30,1,3225000,1885
18,1,10560000,1873
83,1,990000,1938
17,2,1116000,1900
83,1,1056000,1938
18,1,4680000,1873
76,1,715000,1932
58,3,1540000,1913
24,2,22939400,1903
22,1,1221000,1878
43,1,6120000,1898
63,5,2748000,1937
2,3,3518000,1876
59,3,2533300,1924
84,1,587988,1940
17,3,2406000,1900
19,1,11605000,1874
65,2,2513500,1921
33,1,990000,1888
19,1,11550000,1874
39,1,12969000,1894
25,1,2560000,1880
25,1,5880000,1880
21,2,22990000,1876
20,1,11099000,1875
48,1,4030000,1903
27,1,4030000,1882
19,1,5700000,1874
4,2,2324300,1908
25,1,1215500,1881
27,1,6240000,1882
22,1,3640000,1877
26,3,820050,1882
84,1,770000,1940
30,1,10560000,1885
62,1,1221000,1917
33,1,5520000,1888
21,2,22990000,1907
64,1,1210000,1919
59,1,708000,1914
47,1,275550,1903
27,1,1408000,1882
25,1,1320000,1880
46,1,1375000,1901
67,1,880000,1923
31,1,2560000,1886
57,1,780000,1912
67,1,1452000,1922
25,1,11605000,1881
54,2,1753500,1930
88,1,490000,1944
46,1,5520000,1901
88,1,738000,1944
76,4,4400121,1942
31,1,11605000,1886
39,1,6180000,1894
27,1,6120000,1882
23,1,10285000,1878
23,1,10582000,1878
19,1,11099000,1874
62,3,3974500,1925
25,1,11000000,1880
81,1,1012000,1936
66,1,865150,1921
23,1,10560000,1878
33,1,11000000,1888
22,1,1210000,1878
25,1,3640000,1880
36,1,10010000,1891
37,1,5520000,1892
23,1,1210000,1878
85,1,450000,1940
22,1,11055000,1877
27,1,10175000,1882
20,1,2560000,1875
71,1,456000,1926
73,1,880000,1928
82,1,853600,1937
19,1,10560000,1874
30,1,3000000,1885
20,1,3640000,1875
19,1,13805000,1874
32,1,11110000,1887
21,11,126508800,1927
20,1,5970000,1875
62,3,4338000,1928
24,1,11055000,1879
22,1,11550000,1877
39,1,2300000,1894
63,1,1100000,1918
21,1,1210000,1877
57,1,715000,1912
25,6,4044730,1913
85,1,490000,1940
45,1,10835000,1900
36,1,2035000,1891
41,11,11459450,1929
25,1,11000000,1880
67,1,715000,1922
46,1,6120000,1901
75,1,935000,1930
1,4,8200600,1897
57,1,900000,1912
69,1,715000,1925
23,1,5970000,1878
30,1,3150000,1885
88,1,1309000,1944
29,1,11605000,1884
22,1,11099000,1877
76,1,1175900,1931
24,2,10505000,1879
88,1,1210000,1943
3,13,10252690,1941
41,1,4030000,1896
18,1,6120000,1873
59,1,1428900,1915
40,1,13695000,1895
25,1,1210000,1881
15,1,1088989,1870
51,1,1100000,1907
43,1,5520000,1898
11,1,1045000,1867
77,1,1017500,1932
58,1,1320000,1914
18,1,11660000,1873
27,1,1226500,1882
20,1,5948400,1875
18,1,3990000,1873
69,1,1320000,1924
86,1,1485000,1942
83,1,3641000,1938
24,2,22939400,1902
18,1,11660000,1873
15,2,1878000,1908
29,3,2682200,1901
24,1,5700000,1879
46,1,1320000,1901
30,1,2720000,1885
23,2,10230000,1878
77,1,757900,1933
86,1,715000,1941
25,1,5200000,1880
1,4,9185500,1943
55,1,613600,1910
18,1,10285000,1873
62,1,792000,1917
27,1,1232000,1882
22,1,10010000,1877
83,1,973500,1938
19,2,1639000,1875
23,1,1210000,1878
58,5,3067900,1941
27,1,92510000,1883
19,1,2033900,1874
23,1,1232000,1878
58,1,16885000,1913
70,3,4785000,1925
18,1,6720000,1873
52,2,5885000,1917
73,1,1320000,1928
51,1,936000,1907
27,1,6180000,1882
58,1,1320000,1914
19,1,10010000,1874
30,1,1210000,1885
33,1,6120000,1888
26,2,1408600,1941
33,3,2161700,1911
85,1,760760,1940
20,1,3780000,1875
59,1,1529000,1914
37,1,6120000,1892
25,1,11605000,1881
67,2,1820335,1936
20,1,11099000,1875
75,15,11550000,1931
20,1,16170000,1875
82,1,858000,1938
24,1,6720000,1879
74,21,171219000,1935
27,1,4680000,1882
4,15,10026400,1941
27,1,572000,1883
54,5,3025000,1909
22,2,11000000,1877
39,1,10010000,1894
80,1,585000,1935
10,2,1585000,1916
61,1,825000,1916
14,3,1900550,1907
55,1,495000,1911
46,1,1067000,1901
79,2,2047000,1936
19,1,4060000,1874
22,1,10560000,1877
34,1,11099000,1889
54,1,636000,1910
32,1,11000000,1887
19,1,11055000,1874
18,1,6240000,1873
48,1,592000,1903
18,1,5520000,1873
44,1,1199000,1899
55,2,1649000,1912
64,1,932250,1920
26,1,1210000,1882
26,1,6120000,1881
23,1,10285000,1878
18,1,3990000,1873
18,1,12210000,1873
80,1,20097000,1935
45,1,10010000,1900
31,1,6000000,1886
37,1,2300000,1892
78,1,869000,1934
2,2,14850000,1874
19,1,12210000,1874
32,1,10560000,1887
27,1,6480000,1882
79,1,770000,1935
22,2,1380000,1897
80,1,1210000,1935
82,2,863500,1937
22,1,11220000,1877
26,1,1210000,1881
15,1,1210000,1871
39,1,4810000,1894
24,2,22939400,1900
60,2,825000,1915
79,1,715000,1935
89,1,1210000,1944
24,1,10010000,1879
73,2,2175547,1930
61,1,480000,1917
67,1,2288000,1922
23,1,1265000,1879
80,3,684500,1935
62,3,2145000,1921
20,1,4355000,1875
39,1,10010000,1894
33,1,6000000,1888
21,1,318400,1876
25,1,11110000,1880
32,1,490000,1888
18,1,12760000,1873
60,7,7523538,1927
58,1,1320000,1914
54,2,1238250,1916
1,2,12738000,1863
66,1,504000,1921
18,1,11099000,1873
44,1,1199000,1899
73,1,6360000,1928
88,1,1232000,1943
21,1,1215500,1877
85,1,770000,1940
80,1,973500,1935
82,1,1210000,1937
7,1,1320000,1863
19,1,10560000,1874
58,1,1320000,1914
18,1,5940000,1873
60,3,2095047,1917
18,1,6120000,1873
30,1,1276000,1885
76,1,973500,1932
26,1,6072000,1881
22,1,11099000,1877
37,1,10340000,1892
18,1,10560000,1873
19,1,6720000,1874
19,1,11605000,1874
41,1,10340000,1896
25,1,4030000,1880
49,1,1034000,1905
16,1,1265000,1872
52,1,1375000,1907
23,1,5700000,1878
27,1,4030000,1882
43,1,596700,1898
29,1,6120000,1884
25,1,4680000,1880
18,1,4810000,1873
20,1,3640000,1875
29,1,572000,1885
20,1,6240000,1875
36,1,5640000,1891
22,1,4225000,1877
2,2,34650000,1927
45,1,10010000,1900
59,1,935000,1914
56,1,478800,1912
68,1,1344000,1923
22,1,3645000,1877
39,1,11000000,1894
48,1,11770000,1903
80,1,624000,1935
41,1,12969000,1896
58,1,16885000,1913
61,5,3949000,1919
20,1,13585000,1875
10,1,3640000,1865
60,1,1320000,1915
19,1,4160000,1874
57,1,759000,1912
65,1,1650000,1920
62,1,726000,1917
29,1,5640000,1884
40,1,10340000,1895
64,2,1573500,1930
20,1,11000000,1875
63,1,442000,1918
25,1,565500,1881
18,1,1265000,1874
24,1,2560000,1879
30,1,732000,1885
29,1,10010000,1884
2,1,2365000,1857
31,1,10560000,1886
27,1,11000000,1882
24,1,1210000,1879
25,1,1210000,1881
20,1,6120000,1875
22,2,22939400,1902
78,1,815485,1933
20,1,11550000,1875
79,1,1210000,1934
39,1,10835000,1894
88,1,434500,1943
20,1,3640000,1875
68,1,564000,1923
69,1,611000,1924
30,2,2200000,1936
26,1,5640000,1881
73,1,1199000,1928
62,1,945120,1917
52,4,1545500,1907
88,1,465000,1944
79,1,715000,1934
59,1,1826000,1915
43,3,2829700,1905
12,2,1246700,1898
65,1,1309000,1920
37,1,11000000,1892
20,1,2430000,1875
79,3,1056000,1935
21,11,119093200,1934
79,1,308000,1934
19,1,5200000,1874
66,1,770000,1921
20,1,6120000,1875
44,1,1199000,1899
81,1,11935000,1936
23,1,2560000,1878
68,1,757900,1923
22,2,22939400,1902
30,1,4680000,1885
20,1,11000000,1875
24,1,6120000,1879
64,1,6753000,1920
21,6,5129000,1907
18,1,10560000,1873
19,1,4875000,1874
74,2,630000,1929
25,1,11055000,1880
57,1,715000,1912
25,1,565500,1881
58,1,1320000,1914
26,1,4810000,1881
67,1,770000,1922
29,1,13200000,1884
21,6,68868800,1910
7,3,4246000,1911
30,1,3150000,1885
22,1,6120000,1877
69,1,1320000,1924
20,1,3640000,1876
32,1,11055000,1887
19,1,6240000,1874
58,1,16885000,1913
23,1,11110000,1878
62,1,1221000,1917
22,1,5520000,1877
27,1,1226500,1883
19,1,4030000,1874
46,1,10010000,1901
79,1,948000,1934
40,1,11935000,1895
32,1,11055000,1887
66,1,814000,1921
58,1,16885000,1913
20,1,11110000,1875
83,1,346080,1938
79,1,585000,1934
67,1,1100000,1923
31,1,11000000,1886
40,1,10010000,1895
26,1,2560000,1881
20,1,12210000,1875
29,1,5948400,1884
23,1,2560000,1878
19,1,10560000,1874
27,15,8631800,1941
50,2,354280000,1905
22,1,13585000,1877
35,1,1408000,1891
18,1,4060000,1873
23,1,6072000,1878
25,1,565500,1881
27,1,6240000,1882
41,1,10010000,1896
51,1,936000,1907
27,1,11033000,1882
51,5,2365000,1906
52,12,7803000,1922
29,1,11000000,1884
61,2,2002000,1917
65,1,11110000,1921
19,1,6180000,1874
84,1,898800,1939
27,3,2325500,1930
12,35,156964320,1934
56,8,6318400,1912
35,1,732000,1890
24,1,2560000,1879
33,1,10560000,1888
80,2,1668700,1939
68,2,1546600,1928
11,3,755000,1867
29,4,3445750,1933
20,1,10560000,1875
88,1,726000,1944
32,1,4030000,1887
17,1,1210000,1872
38,1,10010000,1893
19,1,12210000,1874
56,1,1436600,1911
22,1,11055000,1877
89,1,682000,1944
24,2,22990000,1902
85,2,713000,1940
18,1,4810000,1873
32,1,5520000,1887
20,1,11110000,1875
55,1,720500,1911
22,1,2560000,1877
66,1,352800,1921
24,1,11055000,1879
44,1,840000,1899
88,1,1309000,1944
38,1,10010000,1893
61,1,364000,1916
10,2,1574000,1899
90,1,1210000,1946
53,2,1648900,1938
24,1,11110000,1879
29,1,11220000,1884
24,1,11605000,1879
45,1,5628000,1900
37,2,1342000,1893
25,1,3360000,1880
26,1,2560000,1881
45,1,6108000,1900
89,1,1210000,1944
44,1,1199000,1899
31,1,2560000,1886
23,1,11220000,1878
25,1,4420000,1880
39,1,6360000,1894
40,1,6108000,1895
23,1,2560000,1878
45,1,10340000,1900
31,1,6180000,1886
36,1,11099000,1891
51,4,2730000,1907
22,2,22990000,1902
85,1,363300,1940
29,1,2560000,1884
24,9,5220000,1881
60,1,825000,1915
26,1,6000000,1881
17,3,2406000,1900
90,1,1210000,1945
40,1,4290000,1895
25,1,15785000,1880
41,1,5520000,1896
18,1,12210000,1873
41,1,24255000,1896
3,2,1507000,1909
25,1,10835000,1880
31,1,888000,1886
35,1,1408000,1890
46,1,4030000,1901
67,1,753500,1923
23,1,1221000,1878
83,1,715000,1938
63,2,1991000,1932
18,1,10615000,1873
32,1,6708000,1887
29,1,2880000,1884
3,16,13684040,1941
25,1,1232000,1880
32,1,4810000,1887
76,1,444000,1931
17,2,1116000,1900
36,1,5520000,1891
31,2,1426000,1930
21,11,125908200,1927
32,1,4030000,1887
68,1,770000,1923
23,1,11000000,1878
48,1,12210000,1903
11,11,9594000,1939
47,2,2162000,1915
36,1,10010000,1891
56,1,11440000,1911
25,1,2560000,1880
58,1,1320000,1914
69,1,1210000,1924
62,1,1776500,1918
48,1,11330000,1903
83,1,1055989,1938
79,1,935000,1934
58,1,1485000,1913
69,2,1441000,1931
40,1,11000000,1895
50,1,770000,1905
40,2,2202200,1928
23,4,3938000,1902
23,1,10175000,1878
75,1,1100000,1931
18,1,10560000,1873
59,9,4642000,1931
60,1,352800,1915
19,1,6720000,1874
60,1,68860000,1915
18,1,11099000,1873
59,1,13035000,1915
19,1,10010000,1874
4,14,10090240,1941
59,1,598000,1914
24,1,10890000,1879
7,2,2926000,1911
80,1,672100,1935
22,1,10560000,1877
80,2,858000,1935
36,1,3225000,1891
19,1,13750000,1874
25,1,1210000,1880
85,1,450000,1940
24,2,22990000,1900
27,1,1232000,1882
53,10,2239635895,1937
24,1,11605000,1879
18,1,4485000,1873
82,2,2475000,1937
31,1,5880000,1886
35,1,1232000,1891
62,1,660000,1917
24,1,1221000,1880
20,1,3150000,1875
63,1,1210000,1918
22,1,2560000,1877
80,1,7020000,1935
70,1,1223211,1926
22,1,4485000,1877
22,1,1232000,1878
58,2,2640000,1914
23,1,10230000,1878
25,2,11110000,1880
36,1,10879000,1891
39,1,1450900,1894
69,1,900000,1924
61,2,1488300,1917
43,1,596700,1898
67,1,645600,1923
13,1,1419000,1868
26,1,6000000,1881
67,3,1624600,1934
29,1,10285000,1884
31,1,11055000,1886
22,2,22939400,1903
77,2,1799000,1941
27,1,6720000,1882
46,1,1483900,1901
23,1,3000000,1878
48,2,1753000,1922
23,1,11330000,1878
26,1,11055000,1881
24,1,4485000,1879
45,1,11099000,1900
77,4,2691400,1939
12,1,685440,1867
21,1,13200000,1876
20,1,6120000,1875
15,7,5966600,1940
38,2,1444960,1900
61,1,1210000,1916
26,1,3000000,1881
38,1,6108000,1893
46,1,11099000,1901
83,1,715000,1938
27,3,2469200,1904
68,1,899360,1923
32,1,4277000,1887
24,1,6120000,1879
22,1,5760000,1877
82,1,715000,1937
39,1,11099000,1894
23,1,10230000,1878
88,1,1232000,1943
80,2,1568600,1935
62,3,1650000,1917
19,2,445600,1881
88,1,803000,1943
19,1,11110000,1874
41,1,4290000,1896
32,1,6480000,1887
26,1,11220000,1881
52,1,936000,1907
76,1,715000,1931
27,1,11550000,1882
2,1,1529000,1857
43,2,14850000,1903
22,1,11000000,1877
36,1,11099000,1891
23,1,11000000,1878
31,1,2560000,1886
31,1,6180000,1886
25,1,13805000,1880
31,2,2761000,1934
18,1,12210000,1873
76,1,783200,1932
23,1,1265000,1879
66,1,770000,1922
20,1,6240000,1875
18,1,5760000,1873
63,2,758000,1918
46,1,1485000,1902
32,1,5200000,1887
25,1,6120000,1880
30,1,11000000,1885
47,3,2255000,1903
63,1,715000,1919
1,1,1155000,1856
19,1,6120000,1874
43,1,596700,1898
33,1,11110000,1888
85,1,330000,1941
68,1,715000,1923
64,1,600000,1919
38,1,5628000,1893
45,2,1116000,1903
32,1,6708000,1887
38,1,11099000,1893
19,1,6240000,1874
24,1,2560000,1879
39,1,10615000,1894
88,1,1210000,1943
50,2,2750000,1906
20,1,1265000,1875
25,1,1221000,1881
29,1,2560000,1884
22,2,22939400,1907
37,1,10835000,1892
18,1,6120000,1873
21,1,1210000,1877
22,1,660000,1877
27,1,1320000,1882
61,3,1410000,1916
36,1,12969000,1891
71,2,1082950,1936
24,1,10538000,1879
34,1,11550000,1889
27,1,2560000,1882
27,1,13695000,1882
20,1,11099000,1875
64,1,600000,1919
24,1,4810000,1879
20,1,10780000,1875
36,4,3606900,1909
25,1,11000000,1880
18,1,275000,1873
32,1,11055000,1887
37,1,10010000,1892
20,1,10560000,1875
20,1,10450000,1875
22,1,10230000,1877
26,1,10780000,1881
61,1,715000,1917
32,1,4960000,1887
66,1,1022450,1921
23,1,4160000,1878
23,1,2880000,1878
32,1,2880000,1887
17,2,1116000,1900
27,1,4680000,1882
23,1,10780000,1878
25,1,6240000,1880
20,1,3710000,1875
42,3,2104000,1911
17,1,11935000,1873
30,1,10560000,1885
65,1,1309000,1920
19,1,11770000,1874
56,1,720500,1911
18,1,12210000,1873
67,1,1210000,1922
33,1,696000,1888
82,1,1210000,1937
20,1,11099000,1875
74,1,1483900,1929
19,1,15510000,1874
25,1,732000,1881
19,1,11605000,1874
39,1,10010000,1894
21,1,1210000,1877
24,1,1210000,1880
24,1,11000000,1879
19,1,6120000,1874
21,3,3365120,1913
12,5,5582900,1917
64,1,803000,1920
22,2,22888800,1903
22,1,3640000,1877
59,2,827200,1914
18,1,5940000,1873
21,9,103353800,1922
46,1,10879000,1901
62,1,1210000,1917
75,1,1210000,1930
45,1,5520000,1900
65,1,1309000,1920
26,1,4030000,1881
33,1,4030000,1888
39,1,5520000,1894
22,1,6120000,1877
25,1,720000,1881
49,1,6120000,1905
35,1,1320000,1890
34,3,6061000,1903
38,1,6120000,1893
32,1,4680000,1887
2,2,8645000,1877
24,1,10560000,1879
18,1,6120000,1873
39,1,4030000,1894
59,10,4710000,1923
25,1,10659000,1880
26,1,4277000,1881
85,1,715000,1940
29,1,11055000,1884
30,1,11099000,1885
23,1,11000000,1878
24,1,11605000,1879
28,1,11605000,1883
85,1,726000,1941
37,1,11000000,1892
61,1,935000,1917
63,2,841000,1919
24,1,720000,1880
32,1,6480000,1887
25,1,11055000,1880
25,1,2560000,1880
73,2,1078000,1941
19,1,3710000,1874
83,2,868989,1939
72,2,1494000,1935
24,2,22939400,1900
23,1,2560000,1878
24,1,3640000,1879
84,1,1210000,1939
80,1,990000,1936
32,1,6000000,1887
38,1,10835000,1893
32,1,15720000,1887
65,1,1309000,1920
86,1,1210000,1942
27,1,588000,1882
29,1,2560000,1884
23,1,6120000,1878
29,1,572000,1885
58,1,1320000,1914
68,12,3990000,1923
20,1,11099000,1875
79,2,1496000,1939
22,1,11099000,1877
38,1,10010000,1893
21,8,7013630,1939
24,1,6240000,1879
36,1,10010000,1891
23,1,2560000,1878
68,1,715000,1923
41,1,11220000,1896
80,1,13860000,1935
32,1,3150000,1887
32,1,5940000,1887
56,2,1409000,1923
51,1,4068000,1906
31,1,11605000,1886
12,1,1265000,1868
15,8,16548500,1940
21,11,120038705,1927
27,1,1232000,1883
33,1,6240000,1888
19,1,11099000,1874
23,1,4420000,1878
81,1,1320000,1936
22,1,10340000,1877
46,1,5640000,1901
48,1,11000000,1903
66,1,1254000,1921
20,1,6240000,1875
20,1,3640000,1875
25,1,720000,1881
26,5,3498000,1939
67,2,1296900,1926
20,1,2880000,1875
77,2,2233000,1936
31,1,10780000,1886
30,1,1276000,1885
27,1,4030000,1882
23,1,11220000,1878
59,1,1320000,1914
90,1,1210000,1945
9,1,4500000,1864
26,1,6240000,1881
79,1,715000,1934
31,1,6000000,1886
74,3,2167000,1931
45,1,4030000,1900
24,1,5640000,1879
66,1,831600,1921
24,1,10780000,1879
65,1,4485000,1921
80,1,1210000,1935
64,1,715000,1919
23,1,4030000,1878
19,1,5940000,1874
75,2,1221000,1930
56,5,3595150,1924
22,1,6120000,1877
72,1,803000,1927
19,1,6120000,1874
38,1,4030000,1893
16,2,7205000,1878
22,1,5200000,1877
18,1,11110000,1873
55,1,708000,1911
52,1,1199000,1907
41,2,14300000,1903
77,2,1870000,1941
52,2,5157900,1917
68,1,715000,1923
30,1,6480000,1885
30,1,6000000,1885
60,1,899404,1916
18,1,11770000,1873
30,1,979000,1885
25,1,6120000,1880
62,1,1210000,1917
62,1,390000,1917
18,1,6120000,1873
20,1,10230000,1875
66,1,715000,1921
10,3,1644600,1878
25,1,2560000,1880
20,1,4680000,1875
30,1,572000,1885
45,1,10010000,1900
23,1,1529000,1878
17,2,1684000,1905
17,2,1698000,1877
29,1,840000,1884
27,1,1232000,1882
18,1,6240000,1873
35,2,695500,1890
2,2,17435000,1880
18,1,10560000,1873
83,1,836000,1939
23,1,6120000,1878
32,1,10890000,1887
65,1,770000,1920
32,1,4680000,1887
25,1,2560000,1880
26,1,11220000,1881
22,1,1408000,1878
27,1,6720000,1882
85,1,21480000,1941
27,1,1375000,1882
65,1,455000,1920
51,9,3180000,1906
27,1,1215500,1882
24,1,804000,1879
88,1,510770,1943
39,1,11605000,1894
59,1,1320000,1914
80,1,990000,1935
26,1,6240000,1881
80,1,1485000,1935
70,6,4730000,1930
55,1,490000,1911
4,1,1485000,1860
81,2,570900,1936
30,1,3075000,1885
19,1,6120000,1874
45,1,10010000,1900
29,1,3000000,1884
23,1,11099000,1878
24,1,11110000,1879
75,1,973500,1930
40,1,10879000,1895
43,1,10010000,1898
62,1,1400000,1917
84,1,1210000,1939
40,1,3225000,1895
20,1,11099000,1875
81,4,1826000,1937
25,1,1221000,1881
77,1,600000,1932
23,1,11110000,1878
25,1,4095000,1880
39,1,10010000,1894
89,1,1210000,1944
26,1,6240000,1881
17,6,5389700,1920
60,1,715000,1916
12,1,7546000,1867
57,2,990000,1912
64,2,1865000,1922
32,1,6240000,1887
21,11,126343800,1922
27,1,490000,1882
22,2,1217500,1878
22,1,6120000,1877
18,1,4680000,1873
30,1,4030000,1885
67,3,2585000,1935
24,1,2560000,1879
66,1,1348050,1922
82,1,13860000,1937
29,1,2560000,1884
23,1,5948400,1878
22,2,22990000,1907
2,6,8531200,1916
27,1,2560000,1882
25,6,5225000,1891
18,1,4680000,1873
39,1,12969000,1894
71,12,4692360,1936
25,1,720000,1881
57,3,2212100,1912
24,1,11770000,1879
38,1,5520000,1893
24,1,5970000,1879
53,1,1020000,1908
1,3,2141200,1914
36,4,3514000,1932
23,1,11000000,1878
28,10,7260000,1884
18,1,6060000,1873
18,1,11110000,1873
30,1,11055000,1885
25,1,1221000,1880
27,1,2560000,1882
68,1,768900,1923
22,1,3000000,1877
69,3,3020600,1940
53,4,1119900,1931
21,6,70173400,1910
40,5,4633230,1941
8,7,14523700,1941
69,1,1210000,1924
31,1,6120000,1886
26,1,10890000,1881
25,2,10230000,1880
33,1,4680000,1888
24,1,13200000,1879
2,2,13464000,1875
21,1,1210000,1877
18,1,6120000,1873
35,3,1291000,1890
52,1,935000,1908
30,1,732000,1885
30,1,5880000,1885
19,1,10120000,1874
25,1,10175000,1880
30,1,6000000,1885
88,2,980000,1943
65,1,715000,1921
23,1,10615000,1878
26,1,5760000,1881
84,2,2358400,1939
44,1,1199000,1899
19,1,6720000,1874
35,1,840000,1890
18,1,10010000,1873
85,1,432000,1941
46,1,524400,1901
21,1,1232000,1877
19,1,1210000,1875
64,3,1419000,1919
25,1,11110000,1880
20,1,6180000,1875
30,1,4810000,1885
80,1,715000,1935
31,1,11000000,1886
27,1,10659000,1882
84,1,540000,1940
83,1,1210000,1939
81,1,1100000,1936
18,3,3262600,1938
82,1,737000,1938
62,1,2264900,1917
77,2,1600500,1932
81,1,777700,1937
69,1,1210000,1924
30,1,5880000,1885
74,1,869000,1929
48,1,10615000,1903
23,1,1221000,1878
24,1,1210000,1880
17,2,1116000,1900
89,1,1221000,1944
62,1,1045000,1918
53,1,468000,1908
21,5,5762000,1915
43,1,11099000,1898
31,1,2560000,1886
26,1,1226500,1882
30,1,5200000,1885
33,1,6240000,1888
37,1,4030000,1892
30,1,6708000,1885
64,1,552000,1920
49,1,1034000,1905
22,1,6240000,1877
25,1,4810000,1880
3,2,460350,1881
37,1,11099000,1892
19,1,11099000,1874
1,1,2385900,1857
86,1,1210000,1942
11,1,740168,1866
29,1,11605000,1884
36,1,6108000,1891
73,1,2253900,1928
29,1,13585000,1884
31,2,11110000,1886
61,3,2359050,1930
18,1,4680000,1873
37,1,10010000,1892
18,1,572000,1873
4,1,1155000,1859
23,1,10582000,1878
41,1,10010000,1896
16,12,10376800,1912
73,4,1826000,1937
76,1,1210000,1931
29,1,1760000,1885
23,1,4680000,1878
40,1,11099000,1895
24,2,22990000,1902
31,1,11440000,1886
49,1,1375000,1904
16,1,1045000,1871
38,1,4030000,1893
30,1,10780000,1885
23,1,11099000,1878
45,1,5868000,1900
18,1,6120000,1873
19,1,6120000,1874
46,1,11110000,1901
29,1,6240000,1884
23,2,11220000,1878
27,1,2035000,1882
43,3,2829700,1905
51,8,3123000,1906
27,1,6072000,1882
20,1,2720000,1875
18,1,12210000,1873
24,1,1210000,1879
24,1,11220000,1879
22,2,22990000,1907
26,2,975000,1891
19,1,10560000,1874
32,1,5460000,1887
26,1,6120000,1881
21,6,68534400,1910
56,5,2840000,1912
20,1,11440000,1875
40,1,11935000,1895
23,1,10670000,1878
18,1,12210000,1873
17,3,1714000,1903
25,1,5200000,1880
40,1,10835000,1895
2,12,16098000,1927
74,1,315000,1929
20,1,10230000,1875
27,1,1232000,1882
24,1,4030000,1879
26,1,2560000,1881
23,1,5760000,1878
33,1,12969000,1888
52,1,490000,1907
19,1,4225000,1874
31,1,11055000,1886
45,1,11935000,1901
82,2,1165000,1940
80,1,1210000,1935
33,8,8207650,1936
19,1,15510000,1874
30,1,10670000,1885
29,1,6120000,1884
58,1,16885000,1913
83,5,1042891,1938
43,1,5520000,1898
25,1,855547,1881
63,1,880000,1918
67,2,1160000,1922
33,1,53460000,1888
41,1,6360000,1896
26,1,10890000,1881
20,1,11000000,1875
69,2,1701150,1936
45,1,10010000,1900
24,1,13585000,1879
40,1,5520000,1895
23,5,4730852,1918
4,1,1804000,1859
68,2,1466204,1928
20,1,3000000,1875
38,1,6120000,1893
24,1,3150000,1879
27,1,1232000,1882
31,1,4030000,1886
17,1,598000,1872
19,1,3640000,1874
39,1,11099000,1894
29,1,572000,1885
84,1,1210000,1940
30,1,10406000,1885
4,25,13204650,1888
67,1,726000,1922
58,2,1834404,1934
85,1,450000,1940
79,1,935000,1934
76,1,1232000,1931
64,1,838500,1919
24,1,1210000,1880
88,1,738000,1944
46,1,12210000,1901
20,1,3300000,1875
20,1,5200000,1875
17,2,1196000,1900
65,1,1309000,1920
20,1,15675000,1875
20,1,11770000,1875
53,1,1540000,1909
27,1,10010000,1882
19,1,3920000,1874
20,1,2560000,1875
24,1,2560000,1879
31,1,6240000,1886
33,1,1320000,1889
25,1,2560000,1880
73,1,611000,1928
28,12,12389000,1942
26,1,11055000,1881
19,1,12210000,1874
46,1,5520000,1901
68,5,3944200,1936
79,1,585000,1934
85,1,770000,1940
79,1,1100000,1935
26,1,6000000,1881
36,1,10340000,1891
48,8,3098000,1903
30,1,2560000,1885
26,1,5640000,1881
23,1,3640000,1878
54,2,6635550,1909
79,2,1221000,1935
41,1,10010000,1896
57,3,2123200,1912
29,1,4290000,1884
43,1,5520000,1898
20,1,6240000,1875
26,1,1215500,1881
79,1,1033989,1935
24,1,5880000,1879
19,1,11099000,1874
27,1,10890000,1882
37,1,5868000,1892
7,3,4246000,1911
2,3,50985000,1941
24,1,744000,1879
50,1,1375000,1906
80,1,1210000,1935
19,1,5520000,1874
84,2,907500,1939
38,1,10010000,1893
18,1,5520000,1873
20,1,10010000,1875
81,1,732000,1937
20,1,10615000,1875
40,1,13310000,1895
83,4,2920000,1941
25,1,6720000,1880
18,1,11660000,1873
75,1,759000,1930
29,1,11220000,1884
68,2,1478400,1923
40,1,15785000,1895
27,4,2974500,1936
40,1,10010000,1895
25,1,11000000,1880
18,1,4550000,1873
27,2,10560000,1882
55,6,1773200,1929
53,1,6120000,1909
68,1,776600,1923
20,1,11055000,1875
39,1,6120000,1894
25,3,2540247,1914
26,1,3150000,1881
70,1,825000,1925
18,1,10010000,1873
4,3,2068000,1870
39,1,6120000,1894
66,3,1540000,1921
19,1,3640000,1874
60,3,9312600,1917
19,1,12210000,1874
23,1,1221000,1878
33,1,6120000,1888
22,1,14399000,1877
66,1,1100000,1922
2,2,15334000,1882
20,1,2880000,1875
16,4,5054000,1886
19,1,4810000,1874
34,1,11099000,1889
74,1,540000,1929
23,1,10450000,1878
48,1,14410000,1903
41,1,1012000,1896
88,2,1232000,1943
39,1,5520000,1894
15,3,3700000,1881
18,1,5200000,1873
27,1,1232000,1883
77,3,2280000,1940
24,1,565500,1880
32,1,11099000,1887
81,1,1210000,1936
32,1,1210000,1888
25,4,1666500,1903
38,1,11000000,1893
29,1,5880000,1884
25,1,4680000,1880
20,1,6120000,1875
25,1,4680000,1880
46,1,6120000,1901
81,1,1210000,1936
19,1,3640000,1874
31,1,10560000,1886
23,1,3645000,1878
85,1,432000,1940
30,1,13200000,1885
44,1,1199000,1899
13,1,1760000,1868
7,5,5215500,1911
89,1,1210000,1944
76,2,1077978,1931
36,1,10835000,1891
20,1,11165000,1876
23,1,3000000,1878
60,1,1320000,1915
26,1,2880000,1881
31,1,5880000,1886
1,2,8294000,1857
18,1,4810000,1873
51,2,1872000,1919
19,1,12760000,1874
17,3,2406000,1900
88,1,1232000,1943
73,1,611000,1928
62,1,1040000,1917
23,1,4030000,1878
25,1,1100000,1880
40,1,11000000,1895
22,1,3640000,1877
18,1,6120000,1873
33,3,2368600,1900
18,1,6120000,1873
52,1,2079000,1907
69,1,814000,1924
87,1,16545000,1942
20,1,5700000,1875
22,1,1232000,1878
15,1,935000,1870
23,1,1210000,1878
55,1,490000,1911
29,1,3000000,1884
25,1,10406000,1880
30,1,11055000,1885
27,1,3150000,1882
22,2,22888800,1903
86,1,550900,1941
64,1,1045000,1919
31,1,11033000,1886
40,1,11935000,1895
49,1,660000,1905
23,1,15785000,1878
24,1,3225000,1879
78,1,576000,1933
26,1,1210000,1881
43,1,596700,1898
62,1,748000,1917
23,1,506000,1878
74,2,1800920,1929
52,3,5588000,1936
78,2,2183500,1935
72,1,1963500,1927
23,1,5736000,1878
6,4,3479700,1905
27,1,5880000,1882
66,2,924000,1921
81,1,11110000,1936
21,11,126242600,1922
38,1,5520000,1893
48,1,11550000,1903
78,4,1749000,1934
66,1,770000,1921
59,1,1320000,1915
24,5,4293750,1934
69,2,4125000,1935
31,1,11033000,1886
4,2,3254900,1912
27,1,4030000,1882
36,1,10010000,1891
24,1,3645000,1879
72,2,1568500,1932
31,1,4030000,1886
1,3,7846500,1939
24,1,3150000,1879
68,2,2090000,1923
22,1,1265000,1877
82,2,1540000,1938
60,4,2310000,1915
39,1,6120000,1894
58,1,20526000,1913
24,1,6240000,1879
45,1,12320000,1900
22,2,22990000,1903
79,1,836000,1934
18,1,6120000,1873
24,1,10560000,1879
25,1,720000,1881
31,1,4277000,1886
59,1,1320000,1914
27,1,4810000,1882
24,1,16885000,1879
34,2,694100,1930
24,2,22990000,1900
23,1,6240000,1878
18,1,4030000,1873
30,1,1210000,1885
31,1,4810000,1886
69,1,1210000,1924
78,1,990000,1933
26,1,2560000,1881
19,1,4680000,1874
49,1,1034000,1905
75,1,739200,1931
36,1,10010000,1891
19,1,11605000,1874
31,1,4680000,1886
29,1,4030000,1884
29,1,732000,1885
29,1,5200000,1884
22,1,4355000,1877
18,1,6120000,1873
39,1,5628000,1894
18,1,12210000,1873
62,1,1232000,1917
38,1,11000000,1893
45,1,11110000,1900
70,1,1210000,1926
18,1,10010000,1873
23,1,10230000,1878
63,1,468000,1918
24,1,565500,1880
48,1,5520000,1903
23,1,10010000,1878
33,2,6646200,1888
24,1,1210000,1880
47,7,2417000,1903
51,1,896500,1907
26,1,1232000,1882
40,1,10010000,1895
86,1,840000,1941
22,2,22990000,1903
18,1,12100000,1873
23,1,1210000,1879
26,1,11055000,1881
52,3,3630000,1914
19,1,11660000,1874
68,1,1344000,1923
14,4,5619900,1936
41,1,5520000,1896
43,1,10010000,1898
46,1,10340000,1901
24,1,10560000,1879
24,1,720000,1880
22,1,3920000,1877
29,1,6480000,1884
40,1,10835000,1895
19,1,4810000,1874
20,1,10230000,1875
69,1,1210000,1924
55,1,407000,1911
25,1,1232000,1880
25,1,6720000,1880
22,2,22990000,1903
67,1,715000,1922
77,1,715000,1932
66,1,600000,1921
22,2,16108505,1902
20,1,4290000,1875
37,1,624000,1892
43,1,10010000,1898
25,1,1320000,1880
26,1,4680000,1881
18,1,10725000,1873
53,1,6120000,1909
24,2,22939400,1903
26,1,10560000,1881
9,1,9460000,1864
64,1,1210000,1919
32,1,11055000,1887
77,1,780000,1932
4,4,4089800,1896
7,1,1320000,1863
40,1,11000000,1895
60,1,352000,1916
31,1,3000000,1886
31,1,11000000,1886
37,1,11000000,1892
80,1,715000,1936
37,1,468000,1892
33,1,696000,1888
22,1,1210000,1878
18,1,6240000,1873
20,1,1320000,1876
90,1,682000,1945
48,2,10450000,1903
22,1,6120000,1877
22,2,22990000,1903
81,1,13860000,1936
54,4,3609900,1910
25,2,1795000,1883
45,3,4316000,1941
26,1,1199000,1882
57,1,585000,1912
30,1,6240000,1885
71,3,2862500,1937
32,1,11330000,1887
78,1,427700,1933
22,2,22990000,1907
44,1,1199000,1899
84,1,1210000,1940
24,2,22939400,1902
32,1,11055000,1887
62,1,550000,1917
11,10,9478050,1924
72,1,727100,1928
80,1,1208900,1935
48,2,11000000,1903
26,1,14399000,1881
55,1,407000,1910
66,4,4191450,1939
20,1,4485000,1875
30,1,10010000,1885
22,1,1210000,1878
9,2,3608000,1899
82,1,11935000,1937
59,3,2176950,1930
59,4,3245000,1921
18,1,6120000,1873
37,1,6120000,1892
20,1,10890000,1876
39,1,13585000,1894
11,1,2250000,1866
27,1,10780000,1882
83,1,1210000,1939
18,1,11055000,1873
22,8,9502650,1924
18,1,4810000,1873
20,1,12760000,1875
46,1,11000000,1901
19,1,4030000,1874
79,1,825000,1935
22,1,5520000,1877
33,1,6120000,1888
32,1,6120000,1887
61,1,720500,1916
65,1,715000,1920
22,1,585000,1878
63,1,1529000,1918
19,1,6120000,1874
48,1,10340000,1903
21,2,2420000,1881
45,1,10010000,1900
6,1,441000,1861
43,1,596700,1898
20,1,2560000,1875
85,2,1207100,1941
26,1,1232000,1882
67,1,350000,1923
24,2,22939400,1900
19,1,6120000,1874
23,1,5880000,1878
31,1,10450000,1886
77,1,1153900,1932
53,1,6120000,1909
45,1,840000,1900
49,1,1034000,1905
55,1,490000,1910
4,9,5330400,1937
65,2,744666,1921
27,1,1408000,1882
25,1,16885000,1880
74,1,775500,1929
85,1,760760,1940
26,1,15510000,1881
29,1,6060000,1884
39,1,4030000,1894
26,1,1226500,1882
42,1,6120000,1898
4,21,175284800,1933
67,1,1210000,1922
82,1,624000,1937
18,1,4550000,1873
26,1,2560000,1881
36,1,10010000,1891
60,1,1440000,1915
7,1,1320000,1863
22,1,6060000,1877
27,1,6000000,1882
18,1,11660000,1873
32,1,6240000,1887
32,1,3515000,1887
26,1,487500,1881
24,1,3150000,1879
36,1,10615000,1891
29,1,990000,1884
69,1,804000,1924
26,1,12540000,1881
63,1,1045000,1918
31,1,855547,1886
23,1,11000000,1878
17,1,1155000,1872
77,3,731480,1933
18,1,10120000,1873
18,1,4225000,1873
22,1,11770000,1877
39,1,4030000,1894
26,1,6060000,1881
47,1,770000,1902
49,1,1034000,1905
19,1,4745000,1874
26,4,3958600,1941
62,4,4566100,1941
24,1,726000,1880
60,1,1320000,1915
40,4,3191120,1927
20,1,5700000,1875
65,4,3168000,1921
38,1,10010000,1893
64,1,1320000,1919
28,1,660000,1884
80,1,836000,1935
65,2,924000,1920
23,1,10560000,1878
13,2,1410000,1870
40,1,10010000,1895
29,1,12969000,1884
74,1,1430000,1929
24,3,5170000,1913
73,1,759000,1928
23,1,3640000,1878
76,2,1047200,1931
61,2,980000,1918
18,1,12210000,1873
27,1,2035000,1882
22,1,6720000,1877
38,1,6120000,1893
36,1,4030000,1891
26,1,1210000,1881
45,1,11935000,1901
73,2,668000,1928
22,1,10010000,1877
65,1,825000,1920
18,1,572000,1873
24,24,24026160,1945
22,1,4680000,1877
52,1,596700,1907
62,1,2264900,1917
26,1,11055000,1881
62,1,2750000,1917
42,1,513500,1897
84,1,935000,1939
24,1,6240000,1879
18,1,3640000,1873
19,1,10560000,1874
20,1,10010000,1875
77,1,1133000,1933
69,4,3080000,1924
61,1,2858900,1917
23,1,2560000,1878
38,2,1342000,1893
26,1,1210000,1881
18,1,6240000,1873
47,1,480000,1902
11,4,3886650,1924
39,1,10835000,1894
85,1,803000,1940
26,2,11440000,1881
27,1,6180000,1882
23,1,11099000,1878
53,1,855547,1908
31,1,6120000,1886
48,1,6120000,1903
6,2,7740000,1861
26,3,1398300,1908
22,5,4757900,1936
79,1,720500,1934
85,1,490000,1940
26,1,487500,1881
21,1,1210000,1876
25,1,13585000,1880
43,1,596700,1898
26,1,1210000,1881
20,1,6240000,1875
89,2,1375000,1944
26,5,4735400,1908
64,1,1232000,1919
20,1,3640000,1875
26,3,3399000,1940
26,1,5948400,1881
26,1,1232000,1881
84,1,1210000,1939
81,3,1056000,1936
19,1,13200000,1874
27,1,2560000,1882
41,1,11220000,1896
17,3,2326000,1900
32,1,11440000,1887
23,1,3150000,1878
60,1,899404,1915
18,1,11770000,1873
81,1,1210000,1936
46,1,1956900,1901
32,1,11000000,1887
18,1,10010000,1873
25,1,5520000,1880
23,1,1221000,1879
18,1,4030000,1873
83,1,990000,1938
31,1,4680000,1886
59,1,880000,1914
26,1,2560000,1881
18,1,6240000,1873
40,1,10010000,1895
40,1,10010000,1895
25,1,5880000,1880
5,8,5999000,1888
59,1,508800,1914
6,3,2445700,1899
26,1,3150000,1881
66,2,1730300,1924
31,1,6180000,1886
65,1,715880,1920
32,1,11220000,1887
43,1,11220000,1898
33,1,10780000,1888
14,5,1339800,1877
22,1,11055000,1877
42,6,2757500,1922
25,1,1320000,1880
29,1,10659000,1884
40,2,1728000,1900
26,1,11000000,1881
18,1,6240000,1873
75,1,990000,1930
22,1,585000,1878
14,3,3388000,1936
24,1,3000000,1879
77,1,715000,1933
81,1,453300,1937
20,3,21230250,1875
29,1,3150000,1884
51,1,280500,1906
32,1,10560000,1887
38,1,10835000,1893
83,1,715000,1938
21,11,106950680,1934
32,2,11220000,1887
16,2,8828050,1874
52,1,936000,1907
31,1,6240000,1886
26,1,15785000,1881
74,1,814550,1930
42,4,2971500,1919
22,1,1232000,1878
80,1,759000,1935
75,2,942260,1930
37,1,10010000,1892
26,1,2560000,1881
32,1,1210000,1887
38,1,10010000,1893
81,1,836000,1937
20,1,11110000,1875
25,1,804000,1880
22,1,490000,1878
62,1,1223211,1917
27,1,1226500,1883
66,1,16335000,1921
19,1,5760000,1874
36,1,4030000,1891
15,13,12697700,1938
30,1,13145000,1886
62,2,3029000,1920
24,2,22990000,1900
29,1,551200,1884
23,1,11220000,1878
22,1,3150000,1877
30,1,11000000,1885
1,4,1889000,1858
18,1,5520000,1873
19,1,10230000,1874
22,1,11055000,1877
29,1,10560000,1884
18,1,4030000,1873
25,1,565500,1881
26,1,11033000,1881
18,1,6120000,1873
32,1,6240000,1887
80,1,1210000,1935
2,1,2365000,1857
66,1,907200,1921
38,1,13585000,1893
23,1,6120000,1878
22,1,1210000,1878
70,1,1406900,1926
39,1,10010000,1894
6,1,767000,1861
39,1,11550000,1894
38,1,11110000,1893
4,29,13930960,1888
2,1,2365000,1857
43,3,2829700,1905
43,1,6120000,1899
24,1,2560000,1879
65,1,1309000,1920
48,1,12210000,1903
57,1,585000,1912
24,2,22888800,1900
25,1,732000,1881
84,1,715000,1939
52,1,935000,1908
22,2,11220000,1877
34,2,1921150,1921
34,3,3778500,1918
24,2,22990000,1903
66,3,2542100,1940
34,1,13695000,1889
78,1,855547,1933
45,1,11000000,1900
23,1,3640000,1878
21,1,1210000,1877
38,1,720000,1893
6,1,622700,1861
41,1,12969000,1896
26,1,450000,1881
43,2,1795700,1899
29,1,2720000,1884
19,1,10560000,1874
18,1,6120000,1873
58,2,1571404,1914
37,1,4810000,1892
60,4,1760000,1915
38,1,4225000,1893
86,1,749540,1941
30,1,13200000,1885
4,1,975700,1859
22,1,1265000,1877
39,1,11099000,1894
66,3,2477200,1931
62,1,16335000,1917
18,1,10560000,1873
18,1,10120000,1873
19,1,11110000,1874
30,1,572000,1885
67,2,2645500,1930
46,2,1567200,1911
74,2,2189000,1933
23,1,5948400,1878
23,1,11099000,1878
2,2,17765000,1935
83,1,836000,1938
30,1,5970000,1885
37,1,12969000,1892
18,1,3640000,1873
24,2,22990000,1900
82,1,672100,1937
38,1,1595000,1893
56,3,1766284,1912
16,2,1037400,1881
82,2,961268,1938
24,2,22990000,1902
25,1,6120000,1880
62,1,725450,1917
58,2,1218900,1918
45,1,5868000,1900
76,1,768900,1931
48,1,10010000,1903
57,1,478800,1912
53,1,1430000,1908
30,1,3000000,1885
23,1,3640000,1878
61,1,1045000,1916
20,1,4030000,1875
18,1,6120000,1873
62,1,2264900,1917
24,1,11099000,1879
66,1,943800,1921
20,1,1375000,1875
80,1,343000,1935
20,1,11099000,1875
61,1,13143000,1916
24,1,4355000,1879
37,1,13585000,1892
25,1,2560000,1880
50,1,432000,1905
41,2,13959000,1903
84,1,825000,1940
2,3,50050000,1934
38,1,11605000,1893
38,1,11099000,1893
78,1,748000,1933
27,1,1320000,1882
50,2,2453000,1928
36,1,10615000,1891
17,2,1684000,1905
83,1,990000,1938
30,1,10890000,1885
23,1,11099000,1878
25,1,11033000,1880
27,2,1603250,1896
20,1,4030000,1875
22,2,22939400,1902
27,1,11000000,1882
55,1,11440000,1910
42,2,1665000,1907
64,1,739200,1920
24,1,2560000,1879
39,1,10340000,1894
23,1,1300000,1878
25,2,10175000,1880
86,1,21200000,1941
60,1,2079000,1915
19,1,11660000,1874
74,1,899404,1929
78,1,504000,1933
1,2,13317000,1863
21,11,126585800,1922
71,1,1210000,1927
19,1,6240000,1874
18,1,4030000,1873
33,5,4108500,1941
41,1,24255000,1896
25,1,1210000,1880
65,2,11742500,1921
20,1,10560000,1875
26,1,1210000,1881
65,1,718025,1921
83,1,990000,1938
58,1,945120,1913
20,1,10120000,1875
74,1,880000,1930
2,1,2365000,1857
22,1,4680000,1877
32,2,11220000,1887
20,1,3640000,1876
70,1,1221000,1925
20,1,11110000,1875
33,4,5418600,1935
23,1,1210000,1879
24,1,11055000,1879
16,1,1595000,1871
16,1,1078000,1872
83,1,759000,1938
83,1,480000,1938
71,1,1265000,1926
23,1,10945000,1878
53,3,2561900,1912
65,6,4697000,1930
26,1,11033000,1881
81,1,12210000,1936
37,1,6108000,1892
2,1,2365000,1857
22,1,4030000,1877
18,1,11055000,1873
30,1,1276000,1885
7,1,1320000,1863
23,1,10560000,1878
46,1,1320000,1901
76,4,2077000,1931
27,1,11055000,1882
23,1,11099000,1878
37,1,20240000,1892
24,1,720000,1879
20,1,12210000,1875
65,1,429000,1921
36,1,6120000,1891
37,1,10835000,1892
18,1,4615000,1873
81,1,471480,1937
30,1,11000000,1885
80,5,4280000,1938
25,1,6480000,1880
41,1,1760000,1896
18,1,5760000,1873
27,1,6120000,1882
23,1,10538000,1878
20,1,5520000,1875
25,3,2909000,1914
23,1,1210000,1878
62,15,9273667,1939
18,1,6120000,1873
23,1,12969000,1878
25,1,11000000,1880
53,1,825000,1908
24,1,11055000,1879
25,1,565500,1881
26,1,14399000,1881
22,1,4810000,1877
22,2,22990000,1903
72,2,827200,1928
19,1,6108000,1874
20,1,3640000,1875
82,1,494400,1938
61,1,715000,1916
18,1,6120000,1873
24,1,6120000,1879
39,1,3225000,1894
84,1,1210000,1939
20,1,11605000,1876
64,4,850000,1920
24,2,22939400,1900
25,1,4810000,1880
20,1,2560000,1875
45,1,4030000,1900
22,1,2560000,1877
34,1,1199000,1889
24,9,7059050,1928
40,1,6360000,1895
32,1,4680000,1887
26,1,1210000,1881
48,1,11110000,1903
39,1,6360000,1894
80,2,880000,1935
40,1,6120000,1895
74,1,1056000,1930
20,1,6120000,1875
69,1,585000,1924
58,7,5346000,1923
38,1,6180000,1893
25,2,10890000,1880
31,2,10890000,1886
53,2,1770989,1940
27,2,10725000,1882
25,1,6000000,1880
68,1,600000,1923
64,1,600000,1919
62,2,825880,1917
24,1,732000,1880
69,1,737000,1924
22,2,22990000,1907
24,1,1221000,1879
39,1,1375000,1894
82,1,1045000,1938
24,1,2560000,1879
24,1,1265000,1880
20,1,6120000,1875
82,1,320980,1937
18,1,4030000,1873
37,1,10010000,1892
9,1,244695,1865
31,1,1980000,1886
20,1,10010000,1875
8,6,6875000,1921
26,1,10175000,1881
27,1,11000000,1882
22,1,6480000,1877
82,1,11935000,1937
26,1,1218800,1882
2,2,13024000,1887
67,2,1711500,1932
25,1,2560000,1880
24,1,2560000,1879
7,1,1320000,1863
25,1,565500,1881
85,2,805000,1940
89,2,935000,1945
26,1,2560000,1881
20,1,3640000,1875
24,1,275550,1879
66,1,748000,1922
71,1,990000,1926
26,1,4810000,1881
31,1,6120000,1887
19,1,12760000,1874
78,1,1100000,1933
24,1,6240000,1879
46,1,11330000,1901
22,1,5520000,1877
42,1,513500,1897
29,1,11220000,1884
38,1,11550000,1893
85,1,696000,1941
75,1,825000,1930
27,1,1226500,1882
39,1,6108000,1894
23,1,11055000,1878
58,1,1320000,1914
38,1,3225000,1893
31,1,6000000,1886
19,1,4485000,1874
22,1,1210000,1878
46,1,10010000,1901
27,1,1215500,1882
56,2,2023120,1913
18,1,12100000,1873
32,1,5948400,1887
38,1,10340000,1893
24,1,11110000,1879
19,1,6480000,1874
1,3,3209000,1871
41,1,6120000,1896
29,1,6120000,1884
29,1,770000,1884
27,1,10406000,1882
25,1,726000,1880
33,1,10010000,1888
18,1,10010000,1873
71,1,1489400,1926
32,1,10560000,1887
27,1,598000,1883
33,1,6240000,1888
76,2,1743500,1935
27,1,1221000,1882
24,2,22605000,1900
19,1,4680000,1874
22,2,22990000,1902
88,1,1232000,1943
22,1,11605000,1877
36,1,6108000,1891
27,1,3150000,1882
30,1,4680000,1885
74,1,1210000,1930
22,2,2728000,1907
66,1,775500,1922
24,2,22939400,1903
29,1,6060000,1884
26,2,2640000,1882
32,1,4030000,1887
27,1,10010000,1882
41,1,3300000,1896
39,2,1691000,1907
20,1,11440000,1875
19,1,11110000,1874
29,1,10450000,1884
20,1,1265000,1875
44,1,1199000,1899
19,1,4680000,1874
24,1,10560000,1879
61,1,957000,1917
5,1,29400000,1860
17,2,1461600,1924
21,1,11935000,1876
32,1,1232000,1888
22,1,11099000,1877
3,18,14441547,1942
32,1,10780000,1887
18,1,10560000,1873
7,3,3718000,1939
21,7,80363800,1920
81,1,768900,1936
39,1,5520000,1894
61,9,5742000,1916
85,1,1210000,1940
19,1,11660000,1874
25,1,1221000,1880
32,1,10406000,1887
27,1,6240000,1882
24,1,2560000,1879
53,5,3994100,1910
23,1,10406000,1878
60,1,1320000,1915
86,2,1474000,1941
58,2,2358400,1914
21,1,1232000,1877
25,1,11605000,1880
73,1,6780000,1928
37,1,5520000,1892
40,2,1448630,1897
55,7,3328000,1911
23,1,6060000,1878
18,1,12210000,1873
27,1,10560000,1882
88,1,726000,1943
29,1,4030000,1884
60,1,1320000,1915
22,1,6240000,1877
32,1,4235000,1887
85,1,667080,1941
26,1,10230000,1881
36,1,11000000,1891
21,1,11165000,1877
29,1,2720000,1884
33,1,6708000,1888
23,1,572000,1879
26,1,11220000,1881
32,1,12969000,1887
19,1,4030000,1874
83,1,990000,1938
22,1,2560000,1877
43,1,10879000,1898
27,1,1221000,1882
30,1,10560000,1885
17,2,1196000,1900
21,1,11935000,1876
39,1,4030000,1894
44,2,1278000,1914
36,1,6180000,1891
68,1,825000,1923
29,1,6120000,1884
56,1,1078000,1911
30,1,4030000,1885
6,4,3101160,1899
22,2,23104400,1902
45,1,10010000,1900
37,1,5520000,1892
41,1,6108000,1896
17,2,1808000,1895
51,2,1430000,1906
21,7,80528800,1920
23,9,2541500,1928
30,1,6180000,1885
25,1,4030000,1880
21,11,127135800,1927
37,1,3225000,1892
43,1,596700,1898
31,1,2560000,1886
20,1,10835000,1875
20,1,1265000,1875
63,1,990000,1918
19,1,12210000,1874
26,1,2720000,1881
26,1,11110000,1881
21,11,8525800,1938
20,1,12210000,1875
20,1,10296000,1875
83,1,390000,1938
22,1,2560000,1877
59,1,935000,1915
23,1,3640000,1878
24,1,6120000,1879
19,1,3780000,1874
88,1,490000,1943
81,1,660000,1936
58,1,2486000,1914
24,1,11440000,1879
80,1,617500,1935
67,1,1210000,1922
30,1,2560000,1885
18,1,4680000,1873
27,1,11220000,1882
77,1,1232000,1932
64,1,755700,1920
33,1,6240000,1888
23,1,2560000,1878
24,1,4810000,1879
21,6,68919400,1910
19,1,6120000,1874
23,1,11099000,1878
25,1,5880000,1880
22,1,2560000,1877
55,2,716000,1911
26,2,975000,1891
29,1,11033000,1884
56,1,6120000,1912
18,1,4615000,1873
24,2,22939400,1902
29,1,6720000,1884
20,1,10560000,1875
30,1,11033000,1885
59,2,2768900,1917
32,1,12120000,1887
21,1,11935000,1876
69,1,726000,1924
29,1,6240000,1884
19,1,6060000,1874
85,1,715000,1941
23,1,1210000,1879
21,1,1232000,1877
52,1,1265000,1907
20,1,3640000,1875
30,1,4680000,1885
29,1,11330000,1884
52,1,1199000,1907
75,1,770000,1931
40,1,11000000,1895
33,5,4030750,1921
49,1,6120000,1905
20,1,4225000,1875
76,4,2330000,1931
85,1,364000,1940
23,1,1210000,1879
22,2,22888800,1907
65,2,2627000,1938
24,2,1589082,1927
30,1,10615000,1885
23,1,1210000,1878
11,1,540000,1866
37,1,14795000,1892
33,1,6480000,1888
31,1,4680000,1886
27,1,2560000,1882
80,1,11099000,1935
48,1,10010000,1903
37,3,1935600,1927
39,1,855547,1894
18,1,6120000,1873
25,1,11033000,1880
25,2,10725000,1880
47,1,1199000,1902
70,2,2090000,1926
69,1,787710,1924
17,1,494000,1872
18,1,4485000,1873
62,8,6901300,1935
69,1,715000,1924
23,1,6720000,1878
21,1,585000,1877
63,1,715000,1918
17,4,2924000,1903
39,1,12969000,1894
16,1,19712000,1871
18,1,11110000,1873
18,1,6120000,1873
23,1,11330000,1878
31,1,6240000,1886
79,1,585000,1934
24,1,11099000,1879
37,1,10835000,1892
12,2,2183500,1921
2,3,50985000,1941
43,1,10340000,1898
82,3,4610000,1943
12,1,7535000,1867
11,3,4491000,1916
76,1,1210000,1931
72,1,754050,1928
38,1,11099000,1893
20,2,1500000,1884
21,6,68868800,1910
16,1,1320000,1871
19,1,4745000,1874
31,1,376000,1887
6,19,17328728,1943
33,1,5880000,1888
40,1,11099000,1895
9,2,1263600,1914
1,1,6369000,1856
52,2,2409000,1914
23,1,10560000,1878
66,4,8620527,1929
31,1,5520000,1886
20,2,10780000,1875
27,1,2880000,1882
18,1,12760000,1873
27,1,1226500,1883
19,1,6120000,1874
80,1,611000,1935
2,3,2506630,1918
20,1,11000000,1875
29,1,3225000,1884
80,1,1210000,1935
23,1,10560000,1878
79,1,880000,1934
26,1,10406000,1881
68,1,814000,1924
83,1,1210000,1939
17,3,2326000,1900
56,2,1611500,1913
60,1,1956900,1915
23,2,10230000,1878
69,1,865150,1924
31,1,11000000,1886
26,1,5736000,1881
88,2,1232000,1943
22,2,22990000,1903
48,1,13310000,1903
45,1,11935000,1901
25,1,1232000,1880
18,1,11660000,1873
25,1,10560000,1880
25,1,5880000,1880
49,1,1034000,1905
25,2,1561500,1912
2,1,2365000,1857
22,1,1215500,1878
75,2,1760000,1934
68,10,7150000,1940
43,1,10010000,1898
88,1,1309000,1943
25,1,4030000,1880
20,1,1265000,1875
80,1,1210000,1935
32,1,4277000,1887
19,1,11660000,1874
68,1,863500,1924
47,1,11935000,1903
59,1,855547,1914
63,1,1180300,1918
60,2,1230000,1915
45,4,83475000,1903
19,1,5760000,1874
24,1,4030000,1879
19,1,3640000,1874
27,1,1226500,1883
74,1,1210000,1929
26,1,10659000,1881
74,1,1650000,1929
20,1,10890000,1875
38,1,5520000,1893
74,1,814000,1929
32,1,10406000,1887
37,1,6180000,1892
36,1,6120000,1891
65,1,814000,1920
82,2,1155000,1937
38,1,11000000,1893
58,1,16885000,1913
36,1,4030000,1891
81,1,1012000,1936
80,1,585000,1935
18,1,11605000,1873
2,2,2656500,1858
23,1,10725000,1878
40,1,5520000,1895
38,1,4225000,1893
31,1,6180000,1886
7,3,4246000,1911
59,1,1320000,1914
24,1,720000,1879
22,1,4615000,1877
19,1,611000,1875
36,1,4030000,1891
80,1,315000,1936
27,1,6720000,1882
19,1,12265000,1874
46,1,1375000,1901
48,3,5027000,1903
20,1,10560000,1875
30,1,11000000,1885
67,1,454800,1922
29,1,10450000,1884
85,2,714000,1941
27,1,1320000,1882
18,1,4680000,1873
43,2,14300000,1903
23,1,3710000,1878
58,1,16885000,1913
24,1,726000,1879
25,1,11605000,1880
60,1,759000,1915
27,1,6120000,1882
40,1,10340000,1895
19,1,6180000,1874
60,1,11440000,1915
32,1,2720000,1887
39,1,10010000,1894
18,1,11110000,1873
12,2,2200000,1870
70,1,715000,1926
62,136,103620000,1935
23,1,6120000,1878
41,1,264000,1897
20,1,3640000,1875
34,1,11000000,1889
62,2,687700,1918
30,1,15180000,1885
75,1,831600,1930
20,1,4680000,1875
23,1,720000,1879
29,1,10890000,1884
52,1,520000,1907
85,1,748000,1940
16,2,3058000,1920
21,1,14740000,1876
19,1,5700000,1874
24,1,2560000,1879
23,1,4290000,1878
22,1,13805000,1877
75,2,924000,1931
22,2,22605000,1902
59,1,1320000,1914
6,1,4140000,1861
26,1,6060000,1881
66,1,865150,1921
43,1,6120000,1898
65,1,11110000,1921
26,1,6720000,1881
18,1,11770000,1873
43,1,596700,1898
43,3,2829700,1905
85,1,448000,1940
18,2,2739000,1905
51,8,2657000,1906
74,1,1210000,1929
32,1,5520000,1887
72,1,770000,1927
20,1,11220000,1875
44,1,6120000,1900
46,1,10340000,1901
31,1,10560000,1886
39,1,10010000,1894
27,1,572000,1883
32,1,6240000,1887
23,1,1210000,1878
21,1,1232000,1877
80,1,715000,1936
32,1,11000000,1887
73,1,715000,1928
23,1,10560000,1878
27,1,1320000,1882
58,1,945120,1913
62,2,863060,1918
21,11,126293200,1922
27,1,1226500,1883
27,1,10945000,1882
19,1,6108000,1874
79,1,803000,1934
75,1,803000,1930
21,6,69495800,1910
37,1,6180000,1892
17,3,2406000,1900
8,1,1320000,1863
26,1,10560000,1881
19,1,11605000,1875
59,1,708000,1914
37,1,5520000,1892
20,1,11550000,1875
71,3,1534000,1929
46,1,4030000,1901
59,3,2200000,1915
18,1,12210000,1873
30,1,6000000,1885
41,1,6360000,1896
56,1,474000,1911
22,1,11110000,1877
25,1,3000000,1880
32,1,12120000,1887
24,2,22990000,1900
24,2,2596000,1881
59,2,1815000,1915
20,1,3740000,1875
77,1,836000,1933
20,1,6120000,1875
50,1,1034000,1905
31,1,3150000,1886
49,4,3025000,1929
38,1,10835000,1893
20,13,9727450,1937
2,2,2750000,1860
31,1,2560000,1886
47,1,14410000,1902
32,1,2720000,1887
69,1,1430000,1924
39,1,10340000,1894
1,2,12738000,1863
25,1,11605000,1880
20,1,11099000,1875
34,1,11000000,1889
41,1,24255000,1896
24,1,6720000,1879
65,2,3079000,1920
45,2,10890000,1900
18,1,6840000,1873
33,1,6180000,1888
9,4,1881000,1865
6,1,900000,1861
84,1,512400,1939
64,1,1210000,1919
84,2,1998700,1939
40,1,6108000,1895
24,1,585000,1879
21,2,22939400,1907
53,1,468000,1908
72,1,2253900,1928
20,1,10010000,1875
23,1,1210000,1879
80,1,1210000,1935
89,1,1210000,1944
25,1,2560000,1880
20,1,5640000,1875
21,1,1210000,1877
27,1,6240000,1882
29,1,935000,1884
41,1,24255000,1896
25,1,6180000,1880
20,1,10560000,1875
23,1,12540000,1878
46,1,10010000,1901
85,1,775500,1940
65,1,776600,1920
83,1,715000,1939
23,1,3375000,1878
62,1,480000,1917
18,1,4810000,1873
26,1,11000000,1881
24,1,11110000,1879
21,2,22939400,1876
41,1,29260000,1896
26,1,11440000,1881
40,1,11000000,1895
22,1,6120000,1877
69,1,16335000,1925
23,1,15510000,1878
64,3,1686000,1929
18,1,3710000,1873
41,1,11990000,1896
24,1,900000,1879
18,1,11110000,1873
49,1,1034000,1905
21,1,1210000,1877
45,1,598000,1900
20,1,10560000,1875
80,1,825000,1936
79,1,15400000,1935
1,2,12738000,1863
85,1,388700,1940
61,2,833800,1916
25,1,1617000,1880
60,5,4297800,1929
24,1,611000,1879
36,1,11110000,1891
62,1,1221000,1917
65,1,1956900,1920
63,1,478800,1918
23,1,1210000,1878
20,1,6120000,1875
6,1,696000,1861
18,1,6120000,1873
45,2,10780000,1900
68,1,803000,1923
32,1,4030000,1887
54,2,1518000,1919
40,1,10340000,1895
26,1,11440000,1881
33,1,10560000,1888
15,2,495000,1872
25,1,1210000,1880
29,1,4810000,1884
38,1,12969000,1893
51,2,1872000,1919
23,1,2560000,1878
22,1,1408000,1878
34,1,6480000,1889
56,3,1927600,1940
23,1,1221000,1879
48,1,14410000,1903
19,1,3990000,1874
19,1,12210000,1874
37,1,10010000,1892
77,1,1320000,1932
38,1,11605000,1893
12,6,4382620,1905
26,1,1210000,1881
60,3,4604000,1932
38,1,1705000,1894
31,1,10659000,1886
31,1,11000000,1886
56,1,6120000,1912
25,2,10780000,1880
18,1,5005000,1873
36,1,10010000,1891
82,1,973500,1937
43,1,10340000,1898
14,1,511500,1869
32,1,6000000,1887
85,1,1210000,1940
52,2,1331000,1907
84,1,552000,1940
37,1,11000000,1892
24,1,11099000,1879
24,1,10560000,1879
20,2,4760000,1875
79,1,550900,1934
26,1,2300000,1881
64,2,1061500,1928
22,1,11055000,1877
18,1,4030000,1873
27,1,10065000,1882
24,2,22990000,1900
81,1,11110000,1936
38,1,11099000,1893
23,1,5760000,1878
20,1,2560000,1875
79,1,350000,1934
23,1,6120000,1878
69,1,1210000,1924
22,1,1210000,1877
18,1,10010000,1873
64,1,715000,1920
19,1,10835000,1874
24,2,22939400,1900
17,1,572000,1872
20,1,5940000,1875
20,1,6240000,1875
82,1,600000,1937
19,1,12100000,1874
78,1,474600,1933
23,1,1210000,1878
72,1,1078000,1927
37,1,6108000,1892
25,1,5736000,1880
36,1,5520000,1891
20,1,3000000,1875
21,11,126623200,1934
40,1,10010000,1895
26,1,11110000,1881
22,1,1210000,1878
36,1,11000000,1891
27,1,3000000,1882
84,3,1630200,1940
13,1,1265000,1868
17,4,3004000,1903
24,8,6932230,1935
22,1,10230000,1877
29,1,3290000,1884
19,1,5200000,1874
28,1,770000,1883
37,2,17347000,1919
41,1,24255000,1896
46,1,5520000,1901
21,2,866000,1909
22,1,11099000,1877
36,1,5520000,1891
59,1,1045000,1915
38,1,14399000,1893
20,1,11000000,1875
1,1,1155000,1856
46,1,10615000,1901
25,1,6120000,1880
25,1,6000000,1880
